Start Time, Thu Oct 4 10:19:11 GMT+0100 2018
Energy calibration,  Offset: 0, Slope: 1, Quadratic: 0
Live Time (s), 7200
Real Time (s), 7205.128839
Elapsed Computational, 0
Spectrum
Channel, Energy (keV), Counts
1, 1, 0
2, 2, 0
3, 3, 0
4, 4, 0
5, 5, 45
6, 6, 803
7, 7, 2478
8, 8, 3690
9, 9, 3638
10, 10, 2328
11, 11, 1272
12, 12, 723
13, 13, 580
14, 14, 516
15, 15, 510
16, 16, 524
17, 17, 539
18, 18, 560
19, 19, 546
20, 20, 570
21, 21, 560
22, 22, 570
23, 23, 550
24, 24, 608
25, 25, 606
26, 26, 635
27, 27, 698
28, 28, 726
29, 29, 844
30, 30, 1194
31, 31, 1907
32, 32, 3356
33, 33, 6056
34, 34, 10806
35, 35, 17554
36, 36, 26486
37, 37, 35211
38, 38, 42167
39, 39, 44996
40, 40, 41382
41, 41, 34873
42, 42, 26653
43, 43, 19527
44, 44, 14296
45, 45, 10340
46, 46, 7785
47, 47, 5568
48, 48, 3754
49, 49, 2431
50, 50, 1671
51, 51, 1299
52, 52, 1151
53, 53, 1055
54, 54, 1124
55, 55, 1231
56, 56, 1320
57, 57, 1427
58, 58, 1577
59, 59, 1656
60, 60, 1781
61, 61, 1881
62, 62, 2044
63, 63, 2099
64, 64, 2163
65, 65, 2279
66, 66, 2299
67, 67, 2258
68, 68, 2095
69, 69, 1859
70, 70, 1803
71, 71, 1677
72, 72, 1675
73, 73, 1647
74, 74, 1623
75, 75, 1754
76, 76, 1839
77, 77, 1961
78, 78, 1934
79, 79, 2219
80, 80, 2329
81, 81, 2648
82, 82, 2847
83, 83, 3159
84, 84, 3526
85, 85, 3943
86, 86, 4528
87, 87, 5301
88, 88, 5904
89, 89, 6756
90, 90, 7484
91, 91, 8375
92, 92, 9434
93, 93, 10086
94, 94, 10830
95, 95, 11674
96, 96, 12184
97, 97, 12514
98, 98, 12467
99, 99, 11847
100, 100, 11099
101, 101, 9544
102, 102, 8060
103, 103, 6502
104, 104, 4955
105, 105, 3892
106, 106, 2892
107, 107, 2076
108, 108, 1607
109, 109, 1234
110, 110, 981
111, 111, 836
112, 112, 723
113, 113, 740
114, 114, 690
115, 115, 693
116, 116, 646
117, 117, 727
118, 118, 657
119, 119, 722
120, 120, 697
121, 121, 669
122, 122, 675
123, 123, 762
124, 124, 695
125, 125, 738
126, 126, 686
127, 127, 708
128, 128, 715
129, 129, 749
130, 130, 760
131, 131, 708
132, 132, 731
133, 133, 729
134, 134, 791
135, 135, 771
136, 136, 794
137, 137, 691
138, 138, 802
139, 139, 775
140, 140, 805
141, 141, 751
142, 142, 699
143, 143, 811
144, 144, 763
145, 145, 797
146, 146, 746
147, 147, 762
148, 148, 794
149, 149, 787
150, 150, 837
151, 151, 785
152, 152, 789
153, 153, 859
154, 154, 800
155, 155, 812
156, 156, 904
157, 157, 834
158, 158, 875
159, 159, 843
160, 160, 888
161, 161, 883
162, 162, 923
163, 163, 919
164, 164, 966
165, 165, 994
166, 166, 976
167, 167, 1043
168, 168, 1051
169, 169, 998
170, 170, 1131
171, 171, 1120
172, 172, 1145
173, 173, 1146
174, 174, 1209
175, 175, 1152
176, 176, 1199
177, 177, 1224
178, 178, 1187
179, 179, 1233
180, 180, 1131
181, 181, 1154
182, 182, 1252
183, 183, 1140
184, 184, 1147
185, 185, 1122
186, 186, 1041
187, 187, 1114
188, 188, 997
189, 189, 1032
190, 190, 1000
191, 191, 1014
192, 192, 952
193, 193, 975
194, 194, 891
195, 195, 936
196, 196, 897
197, 197, 855
198, 198, 852
199, 199, 868
200, 200, 845
201, 201, 837
202, 202, 873
203, 203, 817
204, 204, 765
205, 205, 777
206, 206, 781
207, 207, 830
208, 208, 852
209, 209, 830
210, 210, 726
211, 211, 778
212, 212, 832
213, 213, 762
214, 214, 780
215, 215, 793
216, 216, 791
217, 217, 753
218, 218, 774
219, 219, 779
220, 220, 773
221, 221, 785
222, 222, 718
223, 223, 719
224, 224, 760
225, 225, 725
226, 226, 729
227, 227, 754
228, 228, 729
229, 229, 750
230, 230, 780
231, 231, 677
232, 232, 731
233, 233, 693
234, 234, 753
235, 235, 725
236, 236, 691
237, 237, 751
238, 238, 663
239, 239, 693
240, 240, 767
241, 241, 645
242, 242, 633
243, 243, 668
244, 244, 676
245, 245, 654
246, 246, 629
247, 247, 645
248, 248, 662
249, 249, 676
250, 250, 660
251, 251, 661
252, 252, 573
253, 253, 614
254, 254, 580
255, 255, 588
256, 256, 568
257, 257, 581
258, 258, 601
259, 259, 537
260, 260, 573
261, 261, 579
262, 262, 568
263, 263, 565
264, 264, 545
265, 265, 537
266, 266, 479
267, 267, 519
268, 268, 536
269, 269, 501
270, 270, 528
271, 271, 526
272, 272, 534
273, 273, 499
274, 274, 526
275, 275, 523
276, 276, 514
277, 277, 594
278, 278, 547
279, 279, 618
280, 280, 583
281, 281, 624
282, 282, 571
283, 283, 661
284, 284, 687
285, 285, 713
286, 286, 776
287, 287, 791
288, 288, 846
289, 289, 820
290, 290, 849
291, 291, 898
292, 292, 931
293, 293, 1070
294, 294, 1078
295, 295, 1035
296, 296, 1122
297, 297, 1098
298, 298, 1092
299, 299, 1159
300, 300, 1143
301, 301, 1158
302, 302, 1205
303, 303, 1200
304, 304, 1257
305, 305, 1366
306, 306, 1303
307, 307, 1269
308, 308, 1382
309, 309, 1393
310, 310, 1365
311, 311, 1440
312, 312, 1451
313, 313, 1472
314, 314, 1543
315, 315, 1548
316, 316, 1572
317, 317, 1605
318, 318, 1606
319, 319, 1743
320, 320, 1740
321, 321, 1707
322, 322, 1775
323, 323, 1738
324, 324, 1771
325, 325, 1879
326, 326, 1794
327, 327, 1778
328, 328, 1929
329, 329, 1857
330, 330, 1816
331, 331, 1717
332, 332, 1847
333, 333, 1727
334, 334, 1648
335, 335, 1671
336, 336, 1565
337, 337, 1562
338, 338, 1501
339, 339, 1463
340, 340, 1404
341, 341, 1272
342, 342, 1097
343, 343, 1162
344, 344, 1090
345, 345, 994
346, 346, 984
347, 347, 950
348, 348, 845
349, 349, 851
350, 350, 821
351, 351, 822
352, 352, 871
353, 353, 861
354, 354, 840
355, 355, 910
356, 356, 924
357, 357, 1037
358, 358, 1029
359, 359, 1212
360, 360, 1261
361, 361, 1402
362, 362, 1424
363, 363, 1595
364, 364, 1844
365, 365, 1881
366, 366, 2021
367, 367, 2313
368, 368, 2410
369, 369, 2466
370, 370, 2726
371, 371, 2774
372, 372, 2944
373, 373, 3014
374, 374, 3263
375, 375, 3313
376, 376, 3656
377, 377, 3700
378, 378, 3766
379, 379, 3845
380, 380, 3883
381, 381, 4035
382, 382, 4020
383, 383, 4005
384, 384, 4061
385, 385, 4060
386, 386, 4074
387, 387, 4060
388, 388, 3890
389, 389, 3863
390, 390, 3790
391, 391, 3679
392, 392, 3593
393, 393, 3363
394, 394, 3357
395, 395, 3131
396, 396, 2926
397, 397, 2757
398, 398, 2655
399, 399, 2549
400, 400, 2372
401, 401, 2299
402, 402, 2036
403, 403, 1878
404, 404, 1755
405, 405, 1626
406, 406, 1547
407, 407, 1425
408, 408, 1298
409, 409, 1267
410, 410, 1126
411, 411, 1044
412, 412, 966
413, 413, 880
414, 414, 834
415, 415, 716
416, 416, 776
417, 417, 716
418, 418, 672
419, 419, 572
420, 420, 579
421, 421, 501
422, 422, 502
423, 423, 474
424, 424, 456
425, 425, 400
426, 426, 424
427, 427, 368
428, 428, 331
429, 429, 293
430, 430, 293
431, 431, 258
432, 432, 249
433, 433, 207
434, 434, 187
435, 435, 169
436, 436, 149
437, 437, 134
438, 438, 117
439, 439, 111
440, 440, 92
441, 441, 97
442, 442, 83
443, 443, 70
444, 444, 72
445, 445, 62
446, 446, 61
447, 447, 54
448, 448, 40
449, 449, 39
450, 450, 49
451, 451, 32
452, 452, 30
453, 453, 38
454, 454, 41
455, 455, 25
456, 456, 34
457, 457, 17
458, 458, 35
459, 459, 35
460, 460, 23
461, 461, 23
462, 462, 25
463, 463, 26
464, 464, 17
465, 465, 25
466, 466, 23
467, 467, 28
468, 468, 31
469, 469, 23
470, 470, 24
471, 471, 16
472, 472, 18
473, 473, 31
474, 474, 15
475, 475, 20
476, 476, 27
477, 477, 23
478, 478, 26
479, 479, 23
480, 480, 17
481, 481, 17
482, 482, 27
483, 483, 22
484, 484, 21
485, 485, 18
486, 486, 20
487, 487, 24
488, 488, 27
489, 489, 27
490, 490, 21
491, 491, 25
492, 492, 20
493, 493, 11
494, 494, 19
495, 495, 31
496, 496, 26
497, 497, 15
498, 498, 26
499, 499, 32
500, 500, 15
501, 501, 24
502, 502, 16
503, 503, 21
504, 504, 21
505, 505, 26
506, 506, 22
507, 507, 14
508, 508, 20
509, 509, 13
510, 510, 15
511, 511, 18
512, 512, 14
513, 513, 17
514, 514, 16
515, 515, 21
516, 516, 22
517, 517, 13
518, 518, 16
519, 519, 18
520, 520, 13
521, 521, 15
522, 522, 17
523, 523, 27
524, 524, 17
525, 525, 23
526, 526, 17
527, 527, 17
528, 528, 9
529, 529, 21
530, 530, 17
531, 531, 22
532, 532, 28
533, 533, 15
534, 534, 23
535, 535, 17
536, 536, 17
537, 537, 21
538, 538, 16
539, 539, 22
540, 540, 12
541, 541, 12
542, 542, 22
543, 543, 18
544, 544, 20
545, 545, 26
546, 546, 25
547, 547, 18
548, 548, 19
549, 549, 16
550, 550, 18
551, 551, 21
552, 552, 15
553, 553, 19
554, 554, 20
555, 555, 22
556, 556, 18
557, 557, 12
558, 558, 18
559, 559, 15
560, 560, 16
561, 561, 18
562, 562, 18
563, 563, 17
564, 564, 16
565, 565, 7
566, 566, 15
567, 567, 13
568, 568, 20
569, 569, 14
570, 570, 12
571, 571, 15
572, 572, 9
573, 573, 15
574, 574, 12
575, 575, 15
576, 576, 10
577, 577, 15
578, 578, 14
579, 579, 17
580, 580, 9
581, 581, 14
582, 582, 13
583, 583, 8
584, 584, 7
585, 585, 8
586, 586, 12
587, 587, 15
588, 588, 10
589, 589, 17
590, 590, 15
591, 591, 9
592, 592, 15
593, 593, 16
594, 594, 11
595, 595, 23
596, 596, 7
597, 597, 9
598, 598, 12
599, 599, 9
600, 600, 19
601, 601, 7
602, 602, 10
603, 603, 14
604, 604, 17
605, 605, 8
606, 606, 15
607, 607, 7
608, 608, 9
609, 609, 14
610, 610, 11
611, 611, 15
612, 612, 12
613, 613, 18
614, 614, 6
615, 615, 11
616, 616, 15
617, 617, 15
618, 618, 12
619, 619, 15
620, 620, 11
621, 621, 14
622, 622, 17
623, 623, 12
624, 624, 7
625, 625, 7
626, 626, 10
627, 627, 11
628, 628, 13
629, 629, 7
630, 630, 17
631, 631, 13
632, 632, 19
633, 633, 7
634, 634, 12
635, 635, 18
636, 636, 8
637, 637, 11
638, 638, 8
639, 639, 17
640, 640, 14
641, 641, 15
642, 642, 9
643, 643, 7
644, 644, 19
645, 645, 14
646, 646, 12
647, 647, 18
648, 648, 21
649, 649, 14
650, 650, 7
651, 651, 13
652, 652, 10
653, 653, 15
654, 654, 12
655, 655, 9
656, 656, 7
657, 657, 11
658, 658, 17
659, 659, 11
660, 660, 14
661, 661, 10
662, 662, 11
663, 663, 11
664, 664, 16
665, 665, 18
666, 666, 11
667, 667, 14
668, 668, 9
669, 669, 9
670, 670, 7
671, 671, 10
672, 672, 12
673, 673, 11
674, 674, 9
675, 675, 14
676, 676, 4
677, 677, 10
678, 678, 12
679, 679, 3
680, 680, 4
681, 681, 9
682, 682, 17
683, 683, 13
684, 684, 11
685, 685, 12
686, 686, 7
687, 687, 10
688, 688, 4
689, 689, 12
690, 690, 7
691, 691, 9
692, 692, 11
693, 693, 12
694, 694, 7
695, 695, 9
696, 696, 3
697, 697, 9
698, 698, 7
699, 699, 10
700, 700, 12
701, 701, 6
702, 702, 13
703, 703, 7
704, 704, 11
705, 705, 9
706, 706, 10
707, 707, 8
708, 708, 15
709, 709, 5
710, 710, 6
711, 711, 9
712, 712, 6
713, 713, 8
714, 714, 7
715, 715, 11
716, 716, 6
717, 717, 5
718, 718, 7
719, 719, 5
720, 720, 6
721, 721, 5
722, 722, 10
723, 723, 11
724, 724, 10
725, 725, 8
726, 726, 7
727, 727, 16
728, 728, 5
729, 729, 6
730, 730, 3
731, 731, 7
732, 732, 8
733, 733, 9
734, 734, 8
735, 735, 3
736, 736, 11
737, 737, 4
738, 738, 7
739, 739, 12
740, 740, 7
741, 741, 11
742, 742, 8
743, 743, 12
744, 744, 11
745, 745, 6
746, 746, 8
747, 747, 4
748, 748, 14
749, 749, 7
750, 750, 5
751, 751, 6
752, 752, 12
753, 753, 11
754, 754, 6
755, 755, 13
756, 756, 4
757, 757, 3
758, 758, 10
759, 759, 6
760, 760, 9
761, 761, 9
762, 762, 7
763, 763, 6
764, 764, 7
765, 765, 7
766, 766, 12
767, 767, 8
768, 768, 7
769, 769, 9
770, 770, 5
771, 771, 9
772, 772, 6
773, 773, 5
774, 774, 7
775, 775, 8
776, 776, 8
777, 777, 9
778, 778, 13
779, 779, 5
780, 780, 4
781, 781, 10
782, 782, 8
783, 783, 8
784, 784, 10
785, 785, 5
786, 786, 8
787, 787, 7
788, 788, 12
789, 789, 5
790, 790, 6
791, 791, 14
792, 792, 8
793, 793, 6
794, 794, 9
795, 795, 9
796, 796, 8
797, 797, 9
798, 798, 5
799, 799, 6
800, 800, 6
801, 801, 5
802, 802, 10
803, 803, 6
804, 804, 8
805, 805, 12
806, 806, 11
807, 807, 10
808, 808, 3
809, 809, 6
810, 810, 3
811, 811, 2
812, 812, 7
813, 813, 5
814, 814, 4
815, 815, 5
816, 816, 5
817, 817, 5
818, 818, 6
819, 819, 7
820, 820, 8
821, 821, 10
822, 822, 4
823, 823, 5
824, 824, 5
825, 825, 10
826, 826, 8
827, 827, 8
828, 828, 8
829, 829, 4
830, 830, 7
831, 831, 7
832, 832, 4
833, 833, 9
834, 834, 6
835, 835, 9
836, 836, 7
837, 837, 6
838, 838, 2
839, 839, 10
840, 840, 10
841, 841, 7
842, 842, 4
843, 843, 10
844, 844, 7
845, 845, 5
846, 846, 6
847, 847, 4
848, 848, 4
849, 849, 8
850, 850, 9
851, 851, 6
852, 852, 8
853, 853, 9
854, 854, 6
855, 855, 8
856, 856, 4
857, 857, 5
858, 858, 6
859, 859, 8
860, 860, 11
861, 861, 6
862, 862, 6
863, 863, 4
864, 864, 6
865, 865, 8
866, 866, 7
867, 867, 7
868, 868, 7
869, 869, 3
870, 870, 4
871, 871, 10
872, 872, 6
873, 873, 5
874, 874, 9
875, 875, 6
876, 876, 3
877, 877, 8
878, 878, 8
879, 879, 7
880, 880, 4
881, 881, 6
882, 882, 5
883, 883, 10
884, 884, 6
885, 885, 4
886, 886, 8
887, 887, 4
888, 888, 6
889, 889, 3
890, 890, 7
891, 891, 8
892, 892, 5
893, 893, 5
894, 894, 8
895, 895, 8
896, 896, 2
897, 897, 5
898, 898, 5
899, 899, 5
900, 900, 9
901, 901, 6
902, 902, 6
903, 903, 2
904, 904, 14
905, 905, 6
906, 906, 4
907, 907, 7
908, 908, 7
909, 909, 11
910, 910, 5
911, 911, 7
912, 912, 6
913, 913, 7
914, 914, 6
915, 915, 5
916, 916, 4
917, 917, 6
918, 918, 5
919, 919, 8
920, 920, 6
921, 921, 10
922, 922, 5
923, 923, 3
924, 924, 5
925, 925, 2
926, 926, 9
927, 927, 6
928, 928, 6
929, 929, 5
930, 930, 5
931, 931, 1
932, 932, 11
933, 933, 2
934, 934, 6
935, 935, 7
936, 936, 7
937, 937, 4
938, 938, 8
939, 939, 2
940, 940, 6
941, 941, 6
942, 942, 4
943, 943, 9
944, 944, 10
945, 945, 8
946, 946, 5
947, 947, 9
948, 948, 7
949, 949, 8
950, 950, 7
951, 951, 4
952, 952, 10
953, 953, 15
954, 954, 7
955, 955, 3
956, 956, 7
957, 957, 3
958, 958, 3
959, 959, 5
960, 960, 11
961, 961, 11
962, 962, 3
963, 963, 3
964, 964, 2
965, 965, 6
966, 966, 7
967, 967, 5
968, 968, 8
969, 969, 3
970, 970, 6
971, 971, 3
972, 972, 4
973, 973, 6
974, 974, 4
975, 975, 5
976, 976, 5
977, 977, 7
978, 978, 2
979, 979, 7
980, 980, 7
981, 981, 2
982, 982, 7
983, 983, 4
984, 984, 10
985, 985, 6
986, 986, 4
987, 987, 5
988, 988, 4
989, 989, 6
990, 990, 3
991, 991, 6
992, 992, 3
993, 993, 5
994, 994, 6
995, 995, 8
996, 996, 4
997, 997, 6
998, 998, 2
999, 999, 6
1000, 1000, 3
1001, 1001, 3
1002, 1002, 7
1003, 1003, 4
1004, 1004, 4
1005, 1005, 8
1006, 1006, 4
1007, 1007, 5
1008, 1008, 7
1009, 1009, 1
1010, 1010, 5
1011, 1011, 4
1012, 1012, 8
1013, 1013, 1
1014, 1014, 7
1015, 1015, 9
1016, 1016, 4
1017, 1017, 8
1018, 1018, 8
1019, 1019, 7
1020, 1020, 11
1021, 1021, 5
1022, 1022, 9
1023, 1023, 7
1024, 1024, 4
1025, 1025, 5
1026, 1026, 3
1027, 1027, 5
1028, 1028, 3
1029, 1029, 3
1030, 1030, 2
1031, 1031, 4
1032, 1032, 7
1033, 1033, 4
1034, 1034, 6
1035, 1035, 9
1036, 1036, 4
1037, 1037, 3
1038, 1038, 2
1039, 1039, 5
1040, 1040, 5
1041, 1041, 4
1042, 1042, 5
1043, 1043, 5
1044, 1044, 1
1045, 1045, 4
1046, 1046, 7
1047, 1047, 4
1048, 1048, 8
1049, 1049, 3
1050, 1050, 5
1051, 1051, 7
1052, 1052, 4
1053, 1053, 6
1054, 1054, 5
1055, 1055, 3
1056, 1056, 3
1057, 1057, 5
1058, 1058, 4
1059, 1059, 2
1060, 1060, 6
1061, 1061, 3
1062, 1062, 1
1063, 1063, 6
1064, 1064, 7
1065, 1065, 3
1066, 1066, 6
1067, 1067, 7
1068, 1068, 1
1069, 1069, 9
1070, 1070, 4
1071, 1071, 2
1072, 1072, 8
1073, 1073, 6
1074, 1074, 1
1075, 1075, 9
1076, 1076, 7
1077, 1077, 4
1078, 1078, 6
1079, 1079, 8
1080, 1080, 10
1081, 1081, 6
1082, 1082, 5
1083, 1083, 3
1084, 1084, 6
1085, 1085, 2
1086, 1086, 3
1087, 1087, 5
1088, 1088, 4
1089, 1089, 6
1090, 1090, 6
1091, 1091, 6
1092, 1092, 6
1093, 1093, 7
1094, 1094, 3
1095, 1095, 7
1096, 1096, 2
1097, 1097, 0
1098, 1098, 3
1099, 1099, 4
1100, 1100, 6
1101, 1101, 1
1102, 1102, 2
1103, 1103, 1
1104, 1104, 4
1105, 1105, 1
1106, 1106, 7
1107, 1107, 4
1108, 1108, 3
1109, 1109, 6
1110, 1110, 2
1111, 1111, 4
1112, 1112, 6
1113, 1113, 5
1114, 1114, 7
1115, 1115, 6
1116, 1116, 6
1117, 1117, 5
1118, 1118, 4
1119, 1119, 6
1120, 1120, 9
1121, 1121, 10
1122, 1122, 2
1123, 1123, 4
1124, 1124, 2
1125, 1125, 2
1126, 1126, 2
1127, 1127, 1
1128, 1128, 5
1129, 1129, 2
1130, 1130, 4
1131, 1131, 4
1132, 1132, 0
1133, 1133, 1
1134, 1134, 5
1135, 1135, 7
1136, 1136, 7
1137, 1137, 5
1138, 1138, 7
1139, 1139, 8
1140, 1140, 4
1141, 1141, 7
1142, 1142, 4
1143, 1143, 6
1144, 1144, 5
1145, 1145, 2
1146, 1146, 7
1147, 1147, 6
1148, 1148, 6
1149, 1149, 5
1150, 1150, 9
1151, 1151, 3
1152, 1152, 4
1153, 1153, 9
1154, 1154, 8
1155, 1155, 9
1156, 1156, 4
1157, 1157, 5
1158, 1158, 7
1159, 1159, 4
1160, 1160, 4
1161, 1161, 3
1162, 1162, 4
1163, 1163, 6
1164, 1164, 4
1165, 1165, 14
1166, 1166, 4
1167, 1167, 7
1168, 1168, 1
1169, 1169, 6
1170, 1170, 5
1171, 1171, 5
1172, 1172, 2
1173, 1173, 2
1174, 1174, 9
1175, 1175, 4
1176, 1176, 5
1177, 1177, 6
1178, 1178, 4
1179, 1179, 1
1180, 1180, 3
1181, 1181, 0
1182, 1182, 5
1183, 1183, 6
1184, 1184, 3
1185, 1185, 5
1186, 1186, 4
1187, 1187, 6
1188, 1188, 7
1189, 1189, 4
1190, 1190, 1
1191, 1191, 6
1192, 1192, 6
1193, 1193, 4
1194, 1194, 4
1195, 1195, 2
1196, 1196, 1
1197, 1197, 5
1198, 1198, 3
1199, 1199, 7
1200, 1200, 3
1201, 1201, 3
1202, 1202, 2
1203, 1203, 1
1204, 1204, 3
1205, 1205, 4
1206, 1206, 2
1207, 1207, 5
1208, 1208, 1
1209, 1209, 5
1210, 1210, 9
1211, 1211, 3
1212, 1212, 2
1213, 1213, 1
1214, 1214, 3
1215, 1215, 1
1216, 1216, 3
1217, 1217, 4
1218, 1218, 3
1219, 1219, 2
1220, 1220, 4
1221, 1221, 2
1222, 1222, 2
1223, 1223, 4
1224, 1224, 6
1225, 1225, 5
1226, 1226, 7
1227, 1227, 4
1228, 1228, 2
1229, 1229, 4
1230, 1230, 3
1231, 1231, 3
1232, 1232, 4
1233, 1233, 2
1234, 1234, 1
1235, 1235, 5
1236, 1236, 4
1237, 1237, 6
1238, 1238, 2
1239, 1239, 2
1240, 1240, 4
1241, 1241, 4
1242, 1242, 4
1243, 1243, 1
1244, 1244, 3
1245, 1245, 0
1246, 1246, 1
1247, 1247, 4
1248, 1248, 4
1249, 1249, 4
1250, 1250, 2
1251, 1251, 2
1252, 1252, 4
1253, 1253, 6
1254, 1254, 3
1255, 1255, 6
1256, 1256, 1
1257, 1257, 6
1258, 1258, 3
1259, 1259, 5
1260, 1260, 3
1261, 1261, 0
1262, 1262, 2
1263, 1263, 2
1264, 1264, 5
1265, 1265, 4
1266, 1266, 5
1267, 1267, 6
1268, 1268, 6
1269, 1269, 3
1270, 1270, 2
1271, 1271, 4
1272, 1272, 7
1273, 1273, 2
1274, 1274, 3
1275, 1275, 4
1276, 1276, 2
1277, 1277, 4
1278, 1278, 4
1279, 1279, 1
1280, 1280, 5
1281, 1281, 4
1282, 1282, 3
1283, 1283, 4
1284, 1284, 3
1285, 1285, 0
1286, 1286, 4
1287, 1287, 1
1288, 1288, 4
1289, 1289, 3
1290, 1290, 4
1291, 1291, 8
1292, 1292, 5
1293, 1293, 2
1294, 1294, 3
1295, 1295, 3
1296, 1296, 0
1297, 1297, 2
1298, 1298, 2
1299, 1299, 7
1300, 1300, 1
1301, 1301, 5
1302, 1302, 2
1303, 1303, 4
1304, 1304, 3
1305, 1305, 2
1306, 1306, 3
1307, 1307, 6
1308, 1308, 5
1309, 1309, 1
1310, 1310, 0
1311, 1311, 2
1312, 1312, 3
1313, 1313, 0
1314, 1314, 2
1315, 1315, 6
1316, 1316, 2
1317, 1317, 4
1318, 1318, 5
1319, 1319, 1
1320, 1320, 2
1321, 1321, 0
1322, 1322, 4
1323, 1323, 3
1324, 1324, 3
1325, 1325, 4
1326, 1326, 5
1327, 1327, 2
1328, 1328, 1
1329, 1329, 5
1330, 1330, 2
1331, 1331, 2
1332, 1332, 1
1333, 1333, 5
1334, 1334, 2
1335, 1335, 3
1336, 1336, 3
1337, 1337, 2
1338, 1338, 4
1339, 1339, 2
1340, 1340, 2
1341, 1341, 4
1342, 1342, 3
1343, 1343, 1
1344, 1344, 3
1345, 1345, 3
1346, 1346, 3
1347, 1347, 2
1348, 1348, 0
1349, 1349, 2
1350, 1350, 2
1351, 1351, 0
1352, 1352, 2
1353, 1353, 2
1354, 1354, 1
1355, 1355, 3
1356, 1356, 4
1357, 1357, 1
1358, 1358, 3
1359, 1359, 1
1360, 1360, 2
1361, 1361, 4
1362, 1362, 6
1363, 1363, 2
1364, 1364, 4
1365, 1365, 2
1366, 1366, 2
1367, 1367, 0
1368, 1368, 1
1369, 1369, 5
1370, 1370, 4
1371, 1371, 0
1372, 1372, 2
1373, 1373, 1
1374, 1374, 2
1375, 1375, 1
1376, 1376, 3
1377, 1377, 2
1378, 1378, 3
1379, 1379, 3
1380, 1380, 3
1381, 1381, 2
1382, 1382, 1
1383, 1383, 3
1384, 1384, 3
1385, 1385, 7
1386, 1386, 3
1387, 1387, 1
1388, 1388, 5
1389, 1389, 3
1390, 1390, 1
1391, 1391, 2
1392, 1392, 1
1393, 1393, 3
1394, 1394, 5
1395, 1395, 0
1396, 1396, 2
1397, 1397, 0
1398, 1398, 6
1399, 1399, 4
1400, 1400, 6
1401, 1401, 5
1402, 1402, 3
1403, 1403, 1
1404, 1404, 4
1405, 1405, 3
1406, 1406, 2
1407, 1407, 3
1408, 1408, 3
1409, 1409, 3
1410, 1410, 2
1411, 1411, 6
1412, 1412, 6
1413, 1413, 3
1414, 1414, 2
1415, 1415, 0
1416, 1416, 4
1417, 1417, 4
1418, 1418, 2
1419, 1419, 1
1420, 1420, 3
1421, 1421, 2
1422, 1422, 2
1423, 1423, 2
1424, 1424, 1
1425, 1425, 0
1426, 1426, 3
1427, 1427, 2
1428, 1428, 1
1429, 1429, 3
1430, 1430, 1
1431, 1431, 1
1432, 1432, 2
1433, 1433, 6
1434, 1434, 2
1435, 1435, 4
1436, 1436, 2
1437, 1437, 3
1438, 1438, 5
1439, 1439, 7
1440, 1440, 6
1441, 1441, 3
1442, 1442, 0
1443, 1443, 3
1444, 1444, 3
1445, 1445, 6
1446, 1446, 2
1447, 1447, 1
1448, 1448, 1
1449, 1449, 4
1450, 1450, 4
1451, 1451, 2
1452, 1452, 3
1453, 1453, 4
1454, 1454, 2
1455, 1455, 5
1456, 1456, 0
1457, 1457, 5
1458, 1458, 4
1459, 1459, 4
1460, 1460, 6
1461, 1461, 3
1462, 1462, 2
1463, 1463, 8
1464, 1464, 4
1465, 1465, 4
1466, 1466, 6
1467, 1467, 8
1468, 1468, 4
1469, 1469, 4
1470, 1470, 3
1471, 1471, 3
1472, 1472, 3
1473, 1473, 6
1474, 1474, 7
1475, 1475, 3
1476, 1476, 3
1477, 1477, 5
1478, 1478, 2
1479, 1479, 4
1480, 1480, 5
1481, 1481, 2
1482, 1482, 6
1483, 1483, 7
1484, 1484, 4
1485, 1485, 3
1486, 1486, 3
1487, 1487, 6
1488, 1488, 7
1489, 1489, 2
1490, 1490, 5
1491, 1491, 1
1492, 1492, 6
1493, 1493, 4
1494, 1494, 6
1495, 1495, 2
1496, 1496, 4
1497, 1497, 2
1498, 1498, 7
1499, 1499, 5
1500, 1500, 4
1501, 1501, 2
1502, 1502, 3
1503, 1503, 4
1504, 1504, 6
1505, 1505, 7
1506, 1506, 8
1507, 1507, 5
1508, 1508, 2
1509, 1509, 3
1510, 1510, 3
1511, 1511, 1
1512, 1512, 4
1513, 1513, 5
1514, 1514, 2
1515, 1515, 3
1516, 1516, 1
1517, 1517, 1
1518, 1518, 2
1519, 1519, 4
1520, 1520, 3
1521, 1521, 2
1522, 1522, 1
1523, 1523, 1
1524, 1524, 2
1525, 1525, 5
1526, 1526, 4
1527, 1527, 2
1528, 1528, 2
1529, 1529, 2
1530, 1530, 4
1531, 1531, 4
1532, 1532, 4
1533, 1533, 4
1534, 1534, 2
1535, 1535, 3
1536, 1536, 2
1537, 1537, 2
1538, 1538, 1
1539, 1539, 1
1540, 1540, 1
1541, 1541, 2
1542, 1542, 2
1543, 1543, 4
1544, 1544, 4
1545, 1545, 1
1546, 1546, 4
1547, 1547, 2
1548, 1548, 1
1549, 1549, 5
1550, 1550, 0
1551, 1551, 3
1552, 1552, 1
1553, 1553, 3
1554, 1554, 3
1555, 1555, 3
1556, 1556, 2
1557, 1557, 1
1558, 1558, 2
1559, 1559, 1
1560, 1560, 0
1561, 1561, 1
1562, 1562, 2
1563, 1563, 4
1564, 1564, 4
1565, 1565, 2
1566, 1566, 2
1567, 1567, 2
1568, 1568, 2
1569, 1569, 3
1570, 1570, 1
1571, 1571, 2
1572, 1572, 3
1573, 1573, 2
1574, 1574, 2
1575, 1575, 2
1576, 1576, 1
1577, 1577, 2
1578, 1578, 2
1579, 1579, 2
1580, 1580, 4
1581, 1581, 3
1582, 1582, 3
1583, 1583, 3
1584, 1584, 1
1585, 1585, 0
1586, 1586, 2
1587, 1587, 2
1588, 1588, 4
1589, 1589, 3
1590, 1590, 1
1591, 1591, 3
1592, 1592, 1
1593, 1593, 1
1594, 1594, 1
1595, 1595, 3
1596, 1596, 2
1597, 1597, 2
1598, 1598, 4
1599, 1599, 1
1600, 1600, 4
1601, 1601, 2
1602, 1602, 2
1603, 1603, 2
1604, 1604, 2
1605, 1605, 2
1606, 1606, 1
1607, 1607, 4
1608, 1608, 4
1609, 1609, 3
1610, 1610, 3
1611, 1611, 2
1612, 1612, 2
1613, 1613, 1
1614, 1614, 1
1615, 1615, 1
1616, 1616, 3
1617, 1617, 0
1618, 1618, 1
1619, 1619, 2
1620, 1620, 4
1621, 1621, 3
1622, 1622, 0
1623, 1623, 2
1624, 1624, 0
1625, 1625, 1
1626, 1626, 2
1627, 1627, 0
1628, 1628, 1
1629, 1629, 3
1630, 1630, 2
1631, 1631, 2
1632, 1632, 1
1633, 1633, 0
1634, 1634, 0
1635, 1635, 0
1636, 1636, 3
1637, 1637, 1
1638, 1638, 5
1639, 1639, 1
1640, 1640, 1
1641, 1641, 4
1642, 1642, 2
1643, 1643, 3
1644, 1644, 1
1645, 1645, 2
1646, 1646, 2
1647, 1647, 0
1648, 1648, 1
1649, 1649, 0
1650, 1650, 2
1651, 1651, 1
1652, 1652, 2
1653, 1653, 3
1654, 1654, 2
1655, 1655, 1
1656, 1656, 0
1657, 1657, 2
1658, 1658, 2
1659, 1659, 4
1660, 1660, 3
1661, 1661, 4
1662, 1662, 3
1663, 1663, 3
1664, 1664, 1
1665, 1665, 3
1666, 1666, 0
1667, 1667, 1
1668, 1668, 1
1669, 1669, 0
1670, 1670, 2
1671, 1671, 2
1672, 1672, 1
1673, 1673, 3
1674, 1674, 1
1675, 1675, 2
1676, 1676, 2
1677, 1677, 3
1678, 1678, 1
1679, 1679, 0
1680, 1680, 3
1681, 1681, 3
1682, 1682, 4
1683, 1683, 0
1684, 1684, 0
1685, 1685, 1
1686, 1686, 3
1687, 1687, 1
1688, 1688, 2
1689, 1689, 2
1690, 1690, 0
1691, 1691, 1
1692, 1692, 1
1693, 1693, 1
1694, 1694, 1
1695, 1695, 2
1696, 1696, 1
1697, 1697, 0
1698, 1698, 1
1699, 1699, 2
1700, 1700, 1
1701, 1701, 2
1702, 1702, 2
1703, 1703, 1
1704, 1704, 0
1705, 1705, 0
1706, 1706, 2
1707, 1707, 1
1708, 1708, 3
1709, 1709, 2
1710, 1710, 1
1711, 1711, 0
1712, 1712, 0
1713, 1713, 1
1714, 1714, 0
1715, 1715, 1
1716, 1716, 3
1717, 1717, 2
1718, 1718, 2
1719, 1719, 0
1720, 1720, 2
1721, 1721, 2
1722, 1722, 4
1723, 1723, 1
1724, 1724, 0
1725, 1725, 1
1726, 1726, 0
1727, 1727, 2
1728, 1728, 1
1729, 1729, 1
1730, 1730, 2
1731, 1731, 2
1732, 1732, 2
1733, 1733, 5
1734, 1734, 0
1735, 1735, 4
1736, 1736, 2
1737, 1737, 0
1738, 1738, 1
1739, 1739, 1
1740, 1740, 1
1741, 1741, 1
1742, 1742, 2
1743, 1743, 0
1744, 1744, 2
1745, 1745, 1
1746, 1746, 0
1747, 1747, 1
1748, 1748, 1
1749, 1749, 2
1750, 1750, 1
1751, 1751, 1
1752, 1752, 0
1753, 1753, 2
1754, 1754, 1
1755, 1755, 1
1756, 1756, 2
1757, 1757, 1
1758, 1758, 1
1759, 1759, 4
1760, 1760, 1
1761, 1761, 0
1762, 1762, 1
1763, 1763, 0
1764, 1764, 4
1765, 1765, 2
1766, 1766, 0
1767, 1767, 1
1768, 1768, 2
1769, 1769, 2
1770, 1770, 1
1771, 1771, 2
1772, 1772, 2
1773, 1773, 3
1774, 1774, 1
1775, 1775, 4
1776, 1776, 1
1777, 1777, 3
1778, 1778, 1
1779, 1779, 0
1780, 1780, 1
1781, 1781, 2
1782, 1782, 2
1783, 1783, 2
1784, 1784, 1
1785, 1785, 1
1786, 1786, 2
1787, 1787, 2
1788, 1788, 1
1789, 1789, 1
1790, 1790, 1
1791, 1791, 5
1792, 1792, 1
1793, 1793, 1
1794, 1794, 1
1795, 1795, 0
1796, 1796, 1
1797, 1797, 2
1798, 1798, 2
1799, 1799, 3
1800, 1800, 2
1801, 1801, 1
1802, 1802, 0
1803, 1803, 0
1804, 1804, 2
1805, 1805, 1
1806, 1806, 1
1807, 1807, 4
1808, 1808, 1
1809, 1809, 1
1810, 1810, 3
1811, 1811, 1
1812, 1812, 0
1813, 1813, 2
1814, 1814, 2
1815, 1815, 0
1816, 1816, 3
1817, 1817, 1
1818, 1818, 0
1819, 1819, 3
1820, 1820, 1
1821, 1821, 0
1822, 1822, 0
1823, 1823, 3
1824, 1824, 0
1825, 1825, 1
1826, 1826, 1
1827, 1827, 2
1828, 1828, 0
1829, 1829, 2
1830, 1830, 1
1831, 1831, 3
1832, 1832, 3
1833, 1833, 1
1834, 1834, 0
1835, 1835, 1
1836, 1836, 2
1837, 1837, 0
1838, 1838, 3
1839, 1839, 1
1840, 1840, 2
1841, 1841, 1
1842, 1842, 3
1843, 1843, 2
1844, 1844, 3
1845, 1845, 0
1846, 1846, 2
1847, 1847, 1
1848, 1848, 2
1849, 1849, 0
1850, 1850, 2
1851, 1851, 0
1852, 1852, 3
1853, 1853, 4
1854, 1854, 5
1855, 1855, 0
1856, 1856, 0
1857, 1857, 2
1858, 1858, 2
1859, 1859, 1
1860, 1860, 0
1861, 1861, 1
1862, 1862, 0
1863, 1863, 2
1864, 1864, 2
1865, 1865, 0
1866, 1866, 1
1867, 1867, 1
1868, 1868, 2
1869, 1869, 0
1870, 1870, 1
1871, 1871, 2
1872, 1872, 1
1873, 1873, 1
1874, 1874, 2
1875, 1875, 0
1876, 1876, 2
1877, 1877, 1
1878, 1878, 0
1879, 1879, 1
1880, 1880, 2
1881, 1881, 2
1882, 1882, 5
1883, 1883, 1
1884, 1884, 4
1885, 1885, 1
1886, 1886, 0
1887, 1887, 1
1888, 1888, 0
1889, 1889, 2
1890, 1890, 2
1891, 1891, 1
1892, 1892, 3
1893, 1893, 2
1894, 1894, 0
1895, 1895, 1
1896, 1896, 3
1897, 1897, 2
1898, 1898, 1
1899, 1899, 0
1900, 1900, 1
1901, 1901, 1
1902, 1902, 2
1903, 1903, 2
1904, 1904, 1
1905, 1905, 1
1906, 1906, 0
1907, 1907, 1
1908, 1908, 2
1909, 1909, 1
1910, 1910, 0
1911, 1911, 2
1912, 1912, 0
1913, 1913, 0
1914, 1914, 1
1915, 1915, 2
1916, 1916, 1
1917, 1917, 2
1918, 1918, 1
1919, 1919, 4
1920, 1920, 0
1921, 1921, 0
1922, 1922, 2
1923, 1923, 3
1924, 1924, 0
1925, 1925, 1
1926, 1926, 2
1927, 1927, 2
1928, 1928, 2
1929, 1929, 2
1930, 1930, 0
1931, 1931, 3
1932, 1932, 1
1933, 1933, 0
1934, 1934, 1
1935, 1935, 0
1936, 1936, 0
1937, 1937, 2
1938, 1938, 2
1939, 1939, 2
1940, 1940, 1
1941, 1941, 1
1942, 1942, 3
1943, 1943, 2
1944, 1944, 6
1945, 1945, 0
1946, 1946, 0
1947, 1947, 1
1948, 1948, 0
1949, 1949, 0
1950, 1950, 1
1951, 1951, 0
1952, 1952, 1
1953, 1953, 1
1954, 1954, 3
1955, 1955, 2
1956, 1956, 0
1957, 1957, 0
1958, 1958, 2
1959, 1959, 2
1960, 1960, 1
1961, 1961, 0
1962, 1962, 1
1963, 1963, 0
1964, 1964, 1
1965, 1965, 4
1966, 1966, 2
1967, 1967, 2
1968, 1968, 1
1969, 1969, 1
1970, 1970, 2
1971, 1971, 1
1972, 1972, 1
1973, 1973, 1
1974, 1974, 1
1975, 1975, 1
1976, 1976, 1
1977, 1977, 0
1978, 1978, 3
1979, 1979, 0
1980, 1980, 2
1981, 1981, 1
1982, 1982, 2
1983, 1983, 0
1984, 1984, 0
1985, 1985, 2
1986, 1986, 0
1987, 1987, 2
1988, 1988, 2
1989, 1989, 0
1990, 1990, 1
1991, 1991, 1
1992, 1992, 0
1993, 1993, 2
1994, 1994, 0
1995, 1995, 1
1996, 1996, 2
1997, 1997, 3
1998, 1998, 0
1999, 1999, 2
2000, 2000, 0
2001, 2001, 1
2002, 2002, 3
2003, 2003, 0
2004, 2004, 0
2005, 2005, 3
2006, 2006, 1
2007, 2007, 2
2008, 2008, 1
2009, 2009, 1
2010, 2010, 0
2011, 2011, 0
2012, 2012, 1
2013, 2013, 1
2014, 2014, 2
2015, 2015, 1
2016, 2016, 2
2017, 2017, 3
2018, 2018, 1
2019, 2019, 2
2020, 2020, 3
2021, 2021, 2
2022, 2022, 0
2023, 2023, 0
2024, 2024, 0
2025, 2025, 1
2026, 2026, 0
2027, 2027, 1
2028, 2028, 2
2029, 2029, 0
2030, 2030, 1
2031, 2031, 1
2032, 2032, 2
2033, 2033, 1
2034, 2034, 1
2035, 2035, 4
2036, 2036, 0
2037, 2037, 0
2038, 2038, 1
2039, 2039, 2
2040, 2040, 1
2041, 2041, 0
2042, 2042, 0
2043, 2043, 2
2044, 2044, 1
2045, 2045, 0
2046, 2046, 1
2047, 2047, 0
2048, 2048, 2
