Start Time, Tue Oct 9 12:08:49 GMT+0100 2018
Energy calibration,  Offset: 0, Slope: 1, Quadratic: 0
Live Time (s), 7200
Real Time (s), 7201.837072
Elapsed Computational, 0
Spectrum
Channel, Energy (keV), Counts
1, 1, 0
2, 2, 0
3, 3, 0
4, 4, 1
5, 5, 309
6, 6, 535
7, 7, 205
8, 8, 204
9, 9, 183
10, 10, 201
11, 11, 185
12, 12, 190
13, 13, 190
14, 14, 191
15, 15, 161
16, 16, 186
17, 17, 157
18, 18, 186
19, 19, 199
20, 20, 204
21, 21, 210
22, 22, 211
23, 23, 188
24, 24, 214
25, 25, 204
26, 26, 204
27, 27, 191
28, 28, 211
29, 29, 176
30, 30, 216
31, 31, 201
32, 32, 206
33, 33, 237
34, 34, 190
35, 35, 206
36, 36, 204
37, 37, 206
38, 38, 216
39, 39, 236
40, 40, 234
41, 41, 197
42, 42, 220
43, 43, 199
44, 44, 199
45, 45, 235
46, 46, 239
47, 47, 224
48, 48, 231
49, 49, 249
50, 50, 231
51, 51, 299
52, 52, 271
53, 53, 266
54, 54, 293
55, 55, 319
56, 56, 301
57, 57, 318
58, 58, 285
59, 59, 281
60, 60, 293
61, 61, 271
62, 62, 276
63, 63, 249
64, 64, 267
65, 65, 256
66, 66, 234
67, 67, 283
68, 68, 271
69, 69, 284
70, 70, 300
71, 71, 251
72, 72, 305
73, 73, 280
74, 74, 291
75, 75, 311
76, 76, 271
77, 77, 298
78, 78, 329
79, 79, 320
80, 80, 371
81, 81, 401
82, 82, 446
83, 83, 512
84, 84, 544
85, 85, 630
86, 86, 695
87, 87, 725
88, 88, 773
89, 89, 788
90, 90, 843
91, 91, 830
92, 92, 747
93, 93, 745
94, 94, 647
95, 95, 605
96, 96, 584
97, 97, 555
98, 98, 534
99, 99, 491
100, 100, 528
101, 101, 489
102, 102, 483
103, 103, 508
104, 104, 450
105, 105, 425
106, 106, 414
107, 107, 392
108, 108, 377
109, 109, 364
110, 110, 347
111, 111, 345
112, 112, 294
113, 113, 326
114, 114, 337
115, 115, 271
116, 116, 283
117, 117, 260
118, 118, 307
119, 119, 287
120, 120, 269
121, 121, 285
122, 122, 283
123, 123, 269
124, 124, 314
125, 125, 280
126, 126, 313
127, 127, 323
128, 128, 273
129, 129, 299
130, 130, 315
131, 131, 308
132, 132, 305
133, 133, 308
134, 134, 259
135, 135, 267
136, 136, 292
137, 137, 300
138, 138, 296
139, 139, 313
140, 140, 330
141, 141, 294
142, 142, 297
143, 143, 317
144, 144, 294
145, 145, 296
146, 146, 288
147, 147, 298
148, 148, 309
149, 149, 308
150, 150, 309
151, 151, 326
152, 152, 277
153, 153, 307
154, 154, 294
155, 155, 308
156, 156, 251
157, 157, 313
158, 158, 293
159, 159, 304
160, 160, 304
161, 161, 328
162, 162, 312
163, 163, 311
164, 164, 302
165, 165, 309
166, 166, 283
167, 167, 293
168, 168, 293
169, 169, 317
170, 170, 311
171, 171, 312
172, 172, 272
173, 173, 271
174, 174, 307
175, 175, 269
176, 176, 315
177, 177, 277
178, 178, 293
179, 179, 280
180, 180, 300
181, 181, 287
182, 182, 265
183, 183, 272
184, 184, 308
185, 185, 297
186, 186, 278
187, 187, 298
188, 188, 279
189, 189, 307
190, 190, 289
191, 191, 255
192, 192, 266
193, 193, 304
194, 194, 309
195, 195, 279
196, 196, 273
197, 197, 277
198, 198, 270
199, 199, 314
200, 200, 308
201, 201, 332
202, 202, 295
203, 203, 289
204, 204, 307
205, 205, 325
206, 206, 266
207, 207, 284
208, 208, 296
209, 209, 268
210, 210, 267
211, 211, 303
212, 212, 297
213, 213, 261
214, 214, 317
215, 215, 316
216, 216, 302
217, 217, 262
218, 218, 287
219, 219, 307
220, 220, 314
221, 221, 289
222, 222, 319
223, 223, 303
224, 224, 279
225, 225, 336
226, 226, 291
227, 227, 293
228, 228, 285
229, 229, 328
230, 230, 312
231, 231, 315
232, 232, 340
233, 233, 310
234, 234, 319
235, 235, 343
236, 236, 352
237, 237, 331
238, 238, 328
239, 239, 345
240, 240, 322
241, 241, 351
242, 242, 343
243, 243, 356
244, 244, 394
245, 245, 347
246, 246, 383
247, 247, 339
248, 248, 367
249, 249, 384
250, 250, 324
251, 251, 348
252, 252, 389
253, 253, 358
254, 254, 347
255, 255, 340
256, 256, 366
257, 257, 372
258, 258, 389
259, 259, 333
260, 260, 339
261, 261, 330
262, 262, 372
263, 263, 366
264, 264, 323
265, 265, 365
266, 266, 357
267, 267, 310
268, 268, 355
269, 269, 304
270, 270, 326
271, 271, 336
272, 272, 315
273, 273, 343
274, 274, 328
275, 275, 319
276, 276, 309
277, 277, 290
278, 278, 311
279, 279, 294
280, 280, 326
281, 281, 319
282, 282, 317
283, 283, 293
284, 284, 285
285, 285, 307
286, 286, 288
287, 287, 289
288, 288, 271
289, 289, 289
290, 290, 306
291, 291, 289
292, 292, 293
293, 293, 235
294, 294, 265
295, 295, 287
296, 296, 263
297, 297, 264
298, 298, 283
299, 299, 247
300, 300, 255
301, 301, 275
302, 302, 267
303, 303, 244
304, 304, 253
305, 305, 242
306, 306, 257
307, 307, 273
308, 308, 252
309, 309, 266
310, 310, 253
311, 311, 237
312, 312, 305
313, 313, 265
314, 314, 240
315, 315, 223
316, 316, 242
317, 317, 257
318, 318, 239
319, 319, 242
320, 320, 227
321, 321, 236
322, 322, 248
323, 323, 286
324, 324, 248
325, 325, 242
326, 326, 227
327, 327, 254
328, 328, 247
329, 329, 269
330, 330, 272
331, 331, 286
332, 332, 261
333, 333, 255
334, 334, 238
335, 335, 233
336, 336, 249
337, 337, 241
338, 338, 227
339, 339, 264
340, 340, 263
341, 341, 264
342, 342, 246
343, 343, 243
344, 344, 257
345, 345, 234
346, 346, 242
347, 347, 242
348, 348, 258
349, 349, 244
350, 350, 237
351, 351, 210
352, 352, 254
353, 353, 261
354, 354, 242
355, 355, 236
356, 356, 225
357, 357, 205
358, 358, 220
359, 359, 223
360, 360, 227
361, 361, 203
362, 362, 278
363, 363, 245
364, 364, 238
365, 365, 268
366, 366, 244
367, 367, 246
368, 368, 257
369, 369, 245
370, 370, 247
371, 371, 242
372, 372, 243
373, 373, 236
374, 374, 229
375, 375, 238
376, 376, 226
377, 377, 208
378, 378, 228
379, 379, 211
380, 380, 243
381, 381, 205
382, 382, 236
383, 383, 198
384, 384, 262
385, 385, 232
386, 386, 237
387, 387, 239
388, 388, 215
389, 389, 244
390, 390, 214
391, 391, 218
392, 392, 208
393, 393, 253
394, 394, 235
395, 395, 239
396, 396, 234
397, 397, 216
398, 398, 236
399, 399, 244
400, 400, 206
401, 401, 235
402, 402, 204
403, 403, 239
404, 404, 236
405, 405, 210
406, 406, 206
407, 407, 206
408, 408, 235
409, 409, 199
410, 410, 221
411, 411, 227
412, 412, 226
413, 413, 208
414, 414, 243
415, 415, 225
416, 416, 227
417, 417, 206
418, 418, 216
419, 419, 196
420, 420, 202
421, 421, 211
422, 422, 218
423, 423, 218
424, 424, 215
425, 425, 189
426, 426, 214
427, 427, 222
428, 428, 236
429, 429, 203
430, 430, 214
431, 431, 210
432, 432, 210
433, 433, 198
434, 434, 206
435, 435, 194
436, 436, 185
437, 437, 205
438, 438, 178
439, 439, 188
440, 440, 205
441, 441, 202
442, 442, 200
443, 443, 205
444, 444, 192
445, 445, 191
446, 446, 213
447, 447, 219
448, 448, 202
449, 449, 190
450, 450, 196
451, 451, 196
452, 452, 186
453, 453, 180
454, 454, 191
455, 455, 192
456, 456, 200
457, 457, 203
458, 458, 201
459, 459, 202
460, 460, 198
461, 461, 193
462, 462, 191
463, 463, 182
464, 464, 189
465, 465, 174
466, 466, 190
467, 467, 224
468, 468, 185
469, 469, 199
470, 470, 198
471, 471, 194
472, 472, 156
473, 473, 186
474, 474, 204
475, 475, 190
476, 476, 173
477, 477, 169
478, 478, 200
479, 479, 192
480, 480, 210
481, 481, 178
482, 482, 177
483, 483, 173
484, 484, 193
485, 485, 171
486, 486, 176
487, 487, 172
488, 488, 164
489, 489, 187
490, 490, 190
491, 491, 195
492, 492, 179
493, 493, 186
494, 494, 187
495, 495, 190
496, 496, 173
497, 497, 172
498, 498, 181
499, 499, 177
500, 500, 182
501, 501, 161
502, 502, 177
503, 503, 158
504, 504, 169
505, 505, 159
506, 506, 179
507, 507, 192
508, 508, 197
509, 509, 184
510, 510, 166
511, 511, 150
512, 512, 183
513, 513, 196
514, 514, 166
515, 515, 177
516, 516, 184
517, 517, 174
518, 518, 186
519, 519, 177
520, 520, 184
521, 521, 176
522, 522, 189
523, 523, 165
524, 524, 185
525, 525, 160
526, 526, 195
527, 527, 181
528, 528, 185
529, 529, 155
530, 530, 200
531, 531, 192
532, 532, 182
533, 533, 188
534, 534, 191
535, 535, 152
536, 536, 182
537, 537, 179
538, 538, 210
539, 539, 215
540, 540, 201
541, 541, 203
542, 542, 185
543, 543, 167
544, 544, 193
545, 545, 182
546, 546, 206
547, 547, 180
548, 548, 189
549, 549, 192
550, 550, 168
551, 551, 166
552, 552, 172
553, 553, 166
554, 554, 189
555, 555, 191
556, 556, 189
557, 557, 177
558, 558, 189
559, 559, 163
560, 560, 149
561, 561, 165
562, 562, 158
563, 563, 183
564, 564, 172
565, 565, 165
566, 566, 167
567, 567, 166
568, 568, 159
569, 569, 164
570, 570, 160
571, 571, 168
572, 572, 160
573, 573, 163
574, 574, 164
575, 575, 155
576, 576, 178
577, 577, 171
578, 578, 165
579, 579, 177
580, 580, 189
581, 581, 158
582, 582, 172
583, 583, 165
584, 584, 185
585, 585, 166
586, 586, 167
587, 587, 165
588, 588, 177
589, 589, 175
590, 590, 184
591, 591, 167
592, 592, 171
593, 593, 160
594, 594, 167
595, 595, 181
596, 596, 165
597, 597, 157
598, 598, 161
599, 599, 184
600, 600, 156
601, 601, 203
602, 602, 142
603, 603, 166
604, 604, 164
605, 605, 143
606, 606, 157
607, 607, 154
608, 608, 157
609, 609, 177
610, 610, 142
611, 611, 154
612, 612, 169
613, 613, 184
614, 614, 153
615, 615, 161
616, 616, 172
617, 617, 182
618, 618, 159
619, 619, 175
620, 620, 175
621, 621, 179
622, 622, 149
623, 623, 170
624, 624, 161
625, 625, 167
626, 626, 170
627, 627, 147
628, 628, 166
629, 629, 179
630, 630, 163
631, 631, 163
632, 632, 187
633, 633, 152
634, 634, 143
635, 635, 152
636, 636, 126
637, 637, 162
638, 638, 172
639, 639, 165
640, 640, 162
641, 641, 133
642, 642, 158
643, 643, 148
644, 644, 191
645, 645, 141
646, 646, 180
647, 647, 133
648, 648, 152
649, 649, 147
650, 650, 148
651, 651, 184
652, 652, 148
653, 653, 150
654, 654, 162
655, 655, 142
656, 656, 169
657, 657, 168
658, 658, 173
659, 659, 151
660, 660, 152
661, 661, 152
662, 662, 151
663, 663, 165
664, 664, 140
665, 665, 161
666, 666, 183
667, 667, 151
668, 668, 164
669, 669, 145
670, 670, 142
671, 671, 166
672, 672, 152
673, 673, 146
674, 674, 161
675, 675, 153
676, 676, 181
677, 677, 136
678, 678, 134
679, 679, 152
680, 680, 140
681, 681, 132
682, 682, 148
683, 683, 163
684, 684, 151
685, 685, 158
686, 686, 176
687, 687, 151
688, 688, 164
689, 689, 165
690, 690, 173
691, 691, 143
692, 692, 196
693, 693, 157
694, 694, 154
695, 695, 128
696, 696, 154
697, 697, 137
698, 698, 151
699, 699, 142
700, 700, 156
701, 701, 171
702, 702, 173
703, 703, 167
704, 704, 144
705, 705, 153
706, 706, 180
707, 707, 155
708, 708, 150
709, 709, 146
710, 710, 157
711, 711, 157
712, 712, 161
713, 713, 150
714, 714, 169
715, 715, 164
716, 716, 164
717, 717, 154
718, 718, 147
719, 719, 162
720, 720, 143
721, 721, 154
722, 722, 143
723, 723, 159
724, 724, 142
725, 725, 151
726, 726, 145
727, 727, 156
728, 728, 153
729, 729, 155
730, 730, 149
731, 731, 151
732, 732, 170
733, 733, 143
734, 734, 152
735, 735, 160
736, 736, 154
737, 737, 175
738, 738, 141
739, 739, 181
740, 740, 146
741, 741, 163
742, 742, 176
743, 743, 152
744, 744, 149
745, 745, 126
746, 746, 166
747, 747, 158
748, 748, 172
749, 749, 144
750, 750, 142
751, 751, 154
752, 752, 171
753, 753, 152
754, 754, 158
755, 755, 178
756, 756, 157
757, 757, 176
758, 758, 148
759, 759, 179
760, 760, 165
761, 761, 157
762, 762, 133
763, 763, 183
764, 764, 147
765, 765, 160
766, 766, 135
767, 767, 158
768, 768, 163
769, 769, 150
770, 770, 143
771, 771, 128
772, 772, 121
773, 773, 145
774, 774, 150
775, 775, 147
776, 776, 172
777, 777, 179
778, 778, 171
779, 779, 153
780, 780, 165
781, 781, 165
782, 782, 175
783, 783, 170
784, 784, 156
785, 785, 144
786, 786, 121
787, 787, 153
788, 788, 141
789, 789, 173
790, 790, 155
791, 791, 179
792, 792, 145
793, 793, 140
794, 794, 142
795, 795, 164
796, 796, 154
797, 797, 167
798, 798, 147
799, 799, 158
800, 800, 148
801, 801, 163
802, 802, 182
803, 803, 143
804, 804, 156
805, 805, 154
806, 806, 155
807, 807, 166
808, 808, 160
809, 809, 176
810, 810, 164
811, 811, 167
812, 812, 143
813, 813, 175
814, 814, 165
815, 815, 145
816, 816, 167
817, 817, 155
818, 818, 142
819, 819, 156
820, 820, 133
821, 821, 165
822, 822, 163
823, 823, 134
824, 824, 149
825, 825, 168
826, 826, 146
827, 827, 154
828, 828, 155
829, 829, 170
830, 830, 177
831, 831, 153
832, 832, 133
833, 833, 161
834, 834, 157
835, 835, 172
836, 836, 165
837, 837, 160
838, 838, 144
839, 839, 153
840, 840, 155
841, 841, 174
842, 842, 180
843, 843, 187
844, 844, 166
845, 845, 157
846, 846, 177
847, 847, 153
848, 848, 173
849, 849, 177
850, 850, 169
851, 851, 164
852, 852, 176
853, 853, 153
854, 854, 161
855, 855, 162
856, 856, 165
857, 857, 175
858, 858, 162
859, 859, 169
860, 860, 173
861, 861, 162
862, 862, 156
863, 863, 168
864, 864, 152
865, 865, 178
866, 866, 170
867, 867, 165
868, 868, 158
869, 869, 169
870, 870, 153
871, 871, 196
872, 872, 160
873, 873, 179
874, 874, 159
875, 875, 175
876, 876, 166
877, 877, 188
878, 878, 165
879, 879, 156
880, 880, 177
881, 881, 171
882, 882, 174
883, 883, 178
884, 884, 187
885, 885, 162
886, 886, 160
887, 887, 158
888, 888, 190
889, 889, 165
890, 890, 182
891, 891, 187
892, 892, 163
893, 893, 179
894, 894, 201
895, 895, 183
896, 896, 165
897, 897, 182
898, 898, 193
899, 899, 205
900, 900, 163
901, 901, 172
902, 902, 170
903, 903, 174
904, 904, 168
905, 905, 168
906, 906, 165
907, 907, 167
908, 908, 160
909, 909, 179
910, 910, 155
911, 911, 153
912, 912, 193
913, 913, 152
914, 914, 180
915, 915, 178
916, 916, 184
917, 917, 193
918, 918, 205
919, 919, 165
920, 920, 164
921, 921, 166
922, 922, 154
923, 923, 171
924, 924, 163
925, 925, 146
926, 926, 157
927, 927, 170
928, 928, 178
929, 929, 163
930, 930, 148
931, 931, 168
932, 932, 160
933, 933, 143
934, 934, 143
935, 935, 183
936, 936, 156
937, 937, 158
938, 938, 175
939, 939, 176
940, 940, 177
941, 941, 174
942, 942, 181
943, 943, 151
944, 944, 164
945, 945, 170
946, 946, 181
947, 947, 165
948, 948, 164
949, 949, 188
950, 950, 150
951, 951, 162
952, 952, 162
953, 953, 180
954, 954, 177
955, 955, 185
956, 956, 159
957, 957, 199
958, 958, 153
959, 959, 165
960, 960, 153
961, 961, 128
962, 962, 146
963, 963, 133
964, 964, 152
965, 965, 140
966, 966, 156
967, 967, 150
968, 968, 151
969, 969, 131
970, 970, 133
971, 971, 155
972, 972, 171
973, 973, 131
974, 974, 137
975, 975, 144
976, 976, 145
977, 977, 135
978, 978, 120
979, 979, 147
980, 980, 133
981, 981, 113
982, 982, 148
983, 983, 165
984, 984, 148
985, 985, 131
986, 986, 137
987, 987, 135
988, 988, 119
989, 989, 122
990, 990, 130
991, 991, 116
992, 992, 137
993, 993, 116
994, 994, 135
995, 995, 122
996, 996, 120
997, 997, 138
998, 998, 115
999, 999, 119
1000, 1000, 130
1001, 1001, 102
1002, 1002, 121
1003, 1003, 144
1004, 1004, 115
1005, 1005, 129
1006, 1006, 119
1007, 1007, 102
1008, 1008, 123
1009, 1009, 121
1010, 1010, 109
1011, 1011, 100
1012, 1012, 111
1013, 1013, 116
1014, 1014, 105
1015, 1015, 106
1016, 1016, 131
1017, 1017, 118
1018, 1018, 112
1019, 1019, 124
1020, 1020, 109
1021, 1021, 125
1022, 1022, 108
1023, 1023, 105
1024, 1024, 108
1025, 1025, 103
1026, 1026, 117
1027, 1027, 118
1028, 1028, 98
1029, 1029, 93
1030, 1030, 89
1031, 1031, 123
1032, 1032, 89
1033, 1033, 99
1034, 1034, 86
1035, 1035, 112
1036, 1036, 123
1037, 1037, 97
1038, 1038, 92
1039, 1039, 96
1040, 1040, 108
1041, 1041, 119
1042, 1042, 111
1043, 1043, 105
1044, 1044, 110
1045, 1045, 96
1046, 1046, 97
1047, 1047, 105
1048, 1048, 107
1049, 1049, 91
1050, 1050, 111
1051, 1051, 101
1052, 1052, 108
1053, 1053, 105
1054, 1054, 108
1055, 1055, 109
1056, 1056, 123
1057, 1057, 85
1058, 1058, 74
1059, 1059, 86
1060, 1060, 102
1061, 1061, 100
1062, 1062, 94
1063, 1063, 117
1064, 1064, 103
1065, 1065, 84
1066, 1066, 89
1067, 1067, 75
1068, 1068, 89
1069, 1069, 107
1070, 1070, 92
1071, 1071, 105
1072, 1072, 90
1073, 1073, 87
1074, 1074, 82
1075, 1075, 110
1076, 1076, 81
1077, 1077, 93
1078, 1078, 90
1079, 1079, 87
1080, 1080, 102
1081, 1081, 87
1082, 1082, 91
1083, 1083, 84
1084, 1084, 102
1085, 1085, 85
1086, 1086, 104
1087, 1087, 86
1088, 1088, 73
1089, 1089, 88
1090, 1090, 92
1091, 1091, 82
1092, 1092, 85
1093, 1093, 87
1094, 1094, 89
1095, 1095, 73
1096, 1096, 89
1097, 1097, 96
1098, 1098, 79
1099, 1099, 97
1100, 1100, 85
1101, 1101, 77
1102, 1102, 87
1103, 1103, 99
1104, 1104, 97
1105, 1105, 70
1106, 1106, 84
1107, 1107, 69
1108, 1108, 42
1109, 1109, 81
1110, 1110, 76
1111, 1111, 81
1112, 1112, 72
1113, 1113, 70
1114, 1114, 86
1115, 1115, 78
1116, 1116, 79
1117, 1117, 72
1118, 1118, 70
1119, 1119, 62
1120, 1120, 67
1121, 1121, 79
1122, 1122, 70
1123, 1123, 72
1124, 1124, 50
1125, 1125, 81
1126, 1126, 66
1127, 1127, 77
1128, 1128, 76
1129, 1129, 53
1130, 1130, 54
1131, 1131, 67
1132, 1132, 93
1133, 1133, 53
1134, 1134, 66
1135, 1135, 65
1136, 1136, 85
1137, 1137, 55
1138, 1138, 80
1139, 1139, 71
1140, 1140, 81
1141, 1141, 68
1142, 1142, 99
1143, 1143, 94
1144, 1144, 91
1145, 1145, 94
1146, 1146, 93
1147, 1147, 81
1148, 1148, 96
1149, 1149, 106
1150, 1150, 99
1151, 1151, 95
1152, 1152, 86
1153, 1153, 107
1154, 1154, 120
1155, 1155, 106
1156, 1156, 114
1157, 1157, 92
1158, 1158, 116
1159, 1159, 133
1160, 1160, 157
1161, 1161, 160
1162, 1162, 130
1163, 1163, 143
1164, 1164, 176
1165, 1165, 184
1166, 1166, 153
1167, 1167, 182
1168, 1168, 194
1169, 1169, 199
1170, 1170, 187
1171, 1171, 184
1172, 1172, 198
1173, 1173, 230
1174, 1174, 211
1175, 1175, 227
1176, 1176, 236
1177, 1177, 242
1178, 1178, 261
1179, 1179, 268
1180, 1180, 247
1181, 1181, 290
1182, 1182, 246
1183, 1183, 280
1184, 1184, 266
1185, 1185, 316
1186, 1186, 315
1187, 1187, 301
1188, 1188, 314
1189, 1189, 338
1190, 1190, 344
1191, 1191, 325
1192, 1192, 322
1193, 1193, 310
1194, 1194, 336
1195, 1195, 337
1196, 1196, 348
1197, 1197, 358
1198, 1198, 346
1199, 1199, 322
1200, 1200, 371
1201, 1201, 332
1202, 1202, 361
1203, 1203, 352
1204, 1204, 347
1205, 1205, 340
1206, 1206, 342
1207, 1207, 346
1208, 1208, 352
1209, 1209, 363
1210, 1210, 324
1211, 1211, 336
1212, 1212, 329
1213, 1213, 302
1214, 1214, 344
1215, 1215, 336
1216, 1216, 322
1217, 1217, 334
1218, 1218, 345
1219, 1219, 292
1220, 1220, 309
1221, 1221, 288
1222, 1222, 287
1223, 1223, 274
1224, 1224, 267
1225, 1225, 248
1226, 1226, 220
1227, 1227, 223
1228, 1228, 252
1229, 1229, 237
1230, 1230, 226
1231, 1231, 219
1232, 1232, 195
1233, 1233, 193
1234, 1234, 204
1235, 1235, 187
1236, 1236, 174
1237, 1237, 171
1238, 1238, 152
1239, 1239, 140
1240, 1240, 139
1241, 1241, 154
1242, 1242, 121
1243, 1243, 145
1244, 1244, 142
1245, 1245, 118
1246, 1246, 96
1247, 1247, 107
1248, 1248, 104
1249, 1249, 108
1250, 1250, 87
1251, 1251, 97
1252, 1252, 77
1253, 1253, 82
1254, 1254, 66
1255, 1255, 71
1256, 1256, 51
1257, 1257, 69
1258, 1258, 68
1259, 1259, 57
1260, 1260, 70
1261, 1261, 48
1262, 1262, 35
1263, 1263, 40
1264, 1264, 45
1265, 1265, 40
1266, 1266, 32
1267, 1267, 32
1268, 1268, 37
1269, 1269, 32
1270, 1270, 32
1271, 1271, 35
1272, 1272, 39
1273, 1273, 32
1274, 1274, 26
1275, 1275, 22
1276, 1276, 14
1277, 1277, 20
1278, 1278, 22
1279, 1279, 12
1280, 1280, 21
1281, 1281, 22
1282, 1282, 21
1283, 1283, 25
1284, 1284, 16
1285, 1285, 24
1286, 1286, 28
1287, 1287, 23
1288, 1288, 21
1289, 1289, 22
1290, 1290, 21
1291, 1291, 22
1292, 1292, 24
1293, 1293, 29
1294, 1294, 31
1295, 1295, 35
1296, 1296, 19
1297, 1297, 33
1298, 1298, 45
1299, 1299, 35
1300, 1300, 43
1301, 1301, 48
1302, 1302, 46
1303, 1303, 49
1304, 1304, 46
1305, 1305, 44
1306, 1306, 54
1307, 1307, 58
1308, 1308, 55
1309, 1309, 70
1310, 1310, 78
1311, 1311, 69
1312, 1312, 86
1313, 1313, 69
1314, 1314, 78
1315, 1315, 77
1316, 1316, 89
1317, 1317, 106
1318, 1318, 96
1319, 1319, 110
1320, 1320, 102
1321, 1321, 129
1322, 1322, 119
1323, 1323, 121
1324, 1324, 120
1325, 1325, 150
1326, 1326, 126
1327, 1327, 147
1328, 1328, 159
1329, 1329, 151
1330, 1330, 166
1331, 1331, 164
1332, 1332, 158
1333, 1333, 185
1334, 1334, 160
1335, 1335, 171
1336, 1336, 192
1337, 1337, 182
1338, 1338, 196
1339, 1339, 207
1340, 1340, 201
1341, 1341, 200
1342, 1342, 244
1343, 1343, 212
1344, 1344, 255
1345, 1345, 219
1346, 1346, 220
1347, 1347, 258
1348, 1348, 257
1349, 1349, 260
1350, 1350, 258
1351, 1351, 242
1352, 1352, 263
1353, 1353, 270
1354, 1354, 269
1355, 1355, 250
1356, 1356, 244
1357, 1357, 279
1358, 1358, 305
1359, 1359, 277
1360, 1360, 296
1361, 1361, 278
1362, 1362, 279
1363, 1363, 267
1364, 1364, 273
1365, 1365, 303
1366, 1366, 276
1367, 1367, 274
1368, 1368, 275
1369, 1369, 271
1370, 1370, 267
1371, 1371, 261
1372, 1372, 242
1373, 1373, 271
1374, 1374, 264
1375, 1375, 242
1376, 1376, 224
1377, 1377, 218
1378, 1378, 243
1379, 1379, 229
1380, 1380, 222
1381, 1381, 233
1382, 1382, 222
1383, 1383, 204
1384, 1384, 207
1385, 1385, 197
1386, 1386, 182
1387, 1387, 184
1388, 1388, 204
1389, 1389, 171
1390, 1390, 166
1391, 1391, 151
1392, 1392, 160
1393, 1393, 163
1394, 1394, 170
1395, 1395, 156
1396, 1396, 168
1397, 1397, 145
1398, 1398, 139
1399, 1399, 117
1400, 1400, 121
1401, 1401, 126
1402, 1402, 107
1403, 1403, 93
1404, 1404, 106
1405, 1405, 103
1406, 1406, 101
1407, 1407, 88
1408, 1408, 87
1409, 1409, 81
1410, 1410, 82
1411, 1411, 72
1412, 1412, 72
1413, 1413, 66
1414, 1414, 60
1415, 1415, 52
1416, 1416, 57
1417, 1417, 46
1418, 1418, 42
1419, 1419, 47
1420, 1420, 35
1421, 1421, 39
1422, 1422, 44
1423, 1423, 30
1424, 1424, 49
1425, 1425, 31
1426, 1426, 31
1427, 1427, 23
1428, 1428, 21
1429, 1429, 25
1430, 1430, 21
1431, 1431, 16
1432, 1432, 22
1433, 1433, 11
1434, 1434, 19
1435, 1435, 20
1436, 1436, 13
1437, 1437, 14
1438, 1438, 9
1439, 1439, 6
1440, 1440, 12
1441, 1441, 12
1442, 1442, 15
1443, 1443, 14
1444, 1444, 4
1445, 1445, 8
1446, 1446, 7
1447, 1447, 3
1448, 1448, 4
1449, 1449, 7
1450, 1450, 7
1451, 1451, 6
1452, 1452, 5
1453, 1453, 2
1454, 1454, 2
1455, 1455, 6
1456, 1456, 4
1457, 1457, 4
1458, 1458, 4
1459, 1459, 7
1460, 1460, 5
1461, 1461, 5
1462, 1462, 3
1463, 1463, 6
1464, 1464, 1
1465, 1465, 8
1466, 1466, 2
1467, 1467, 3
1468, 1468, 7
1469, 1469, 4
1470, 1470, 4
1471, 1471, 2
1472, 1472, 4
1473, 1473, 6
1474, 1474, 2
1475, 1475, 6
1476, 1476, 9
1477, 1477, 2
1478, 1478, 7
1479, 1479, 2
1480, 1480, 1
1481, 1481, 6
1482, 1482, 3
1483, 1483, 6
1484, 1484, 9
1485, 1485, 4
1486, 1486, 3
1487, 1487, 4
1488, 1488, 5
1489, 1489, 6
1490, 1490, 4
1491, 1491, 4
1492, 1492, 4
1493, 1493, 6
1494, 1494, 4
1495, 1495, 4
1496, 1496, 7
1497, 1497, 2
1498, 1498, 3
1499, 1499, 5
1500, 1500, 5
1501, 1501, 5
1502, 1502, 2
1503, 1503, 4
1504, 1504, 2
1505, 1505, 3
1506, 1506, 5
1507, 1507, 4
1508, 1508, 2
1509, 1509, 5
1510, 1510, 3
1511, 1511, 6
1512, 1512, 3
1513, 1513, 4
1514, 1514, 7
1515, 1515, 4
1516, 1516, 5
1517, 1517, 5
1518, 1518, 2
1519, 1519, 4
1520, 1520, 2
1521, 1521, 6
1522, 1522, 5
1523, 1523, 4
1524, 1524, 3
1525, 1525, 3
1526, 1526, 3
1527, 1527, 1
1528, 1528, 3
1529, 1529, 0
1530, 1530, 1
1531, 1531, 5
1532, 1532, 4
1533, 1533, 1
1534, 1534, 2
1535, 1535, 3
1536, 1536, 5
1537, 1537, 6
1538, 1538, 5
1539, 1539, 1
1540, 1540, 1
1541, 1541, 4
1542, 1542, 4
1543, 1543, 6
1544, 1544, 1
1545, 1545, 4
1546, 1546, 2
1547, 1547, 3
1548, 1548, 8
1549, 1549, 0
1550, 1550, 5
1551, 1551, 3
1552, 1552, 1
1553, 1553, 3
1554, 1554, 3
1555, 1555, 4
1556, 1556, 1
1557, 1557, 1
1558, 1558, 2
1559, 1559, 3
1560, 1560, 4
1561, 1561, 2
1562, 1562, 3
1563, 1563, 1
1564, 1564, 1
1565, 1565, 4
1566, 1566, 4
1567, 1567, 1
1568, 1568, 1
1569, 1569, 2
1570, 1570, 1
1571, 1571, 4
1572, 1572, 3
1573, 1573, 3
1574, 1574, 1
1575, 1575, 1
1576, 1576, 2
1577, 1577, 3
1578, 1578, 4
1579, 1579, 1
1580, 1580, 0
1581, 1581, 2
1582, 1582, 2
1583, 1583, 4
1584, 1584, 1
1585, 1585, 1
1586, 1586, 3
1587, 1587, 2
1588, 1588, 2
1589, 1589, 1
1590, 1590, 1
1591, 1591, 2
1592, 1592, 6
1593, 1593, 1
1594, 1594, 2
1595, 1595, 2
1596, 1596, 3
1597, 1597, 1
1598, 1598, 1
1599, 1599, 4
1600, 1600, 4
1601, 1601, 3
1602, 1602, 1
1603, 1603, 0
1604, 1604, 3
1605, 1605, 2
1606, 1606, 2
1607, 1607, 6
1608, 1608, 2
1609, 1609, 3
1610, 1610, 0
1611, 1611, 4
1612, 1612, 3
1613, 1613, 2
1614, 1614, 3
1615, 1615, 2
1616, 1616, 4
1617, 1617, 4
1618, 1618, 1
1619, 1619, 3
1620, 1620, 2
1621, 1621, 0
1622, 1622, 1
1623, 1623, 0
1624, 1624, 0
1625, 1625, 0
1626, 1626, 3
1627, 1627, 2
1628, 1628, 2
1629, 1629, 4
1630, 1630, 0
1631, 1631, 4
1632, 1632, 3
1633, 1633, 0
1634, 1634, 4
1635, 1635, 2
1636, 1636, 4
1637, 1637, 1
1638, 1638, 1
1639, 1639, 4
1640, 1640, 5
1641, 1641, 3
1642, 1642, 2
1643, 1643, 3
1644, 1644, 1
1645, 1645, 2
1646, 1646, 2
1647, 1647, 1
1648, 1648, 5
1649, 1649, 5
1650, 1650, 2
1651, 1651, 2
1652, 1652, 2
1653, 1653, 2
1654, 1654, 2
1655, 1655, 2
1656, 1656, 1
1657, 1657, 1
1658, 1658, 4
1659, 1659, 0
1660, 1660, 1
1661, 1661, 2
1662, 1662, 1
1663, 1663, 2
1664, 1664, 3
1665, 1665, 2
1666, 1666, 3
1667, 1667, 0
1668, 1668, 2
1669, 1669, 2
1670, 1670, 0
1671, 1671, 3
1672, 1672, 0
1673, 1673, 1
1674, 1674, 3
1675, 1675, 2
1676, 1676, 0
1677, 1677, 2
1678, 1678, 1
1679, 1679, 4
1680, 1680, 2
1681, 1681, 3
1682, 1682, 3
1683, 1683, 1
1684, 1684, 0
1685, 1685, 4
1686, 1686, 2
1687, 1687, 1
1688, 1688, 0
1689, 1689, 2
1690, 1690, 3
1691, 1691, 2
1692, 1692, 2
1693, 1693, 0
1694, 1694, 1
1695, 1695, 2
1696, 1696, 0
1697, 1697, 1
1698, 1698, 0
1699, 1699, 3
1700, 1700, 4
1701, 1701, 5
1702, 1702, 0
1703, 1703, 0
1704, 1704, 3
1705, 1705, 1
1706, 1706, 7
1707, 1707, 2
1708, 1708, 4
1709, 1709, 2
1710, 1710, 5
1711, 1711, 0
1712, 1712, 1
1713, 1713, 0
1714, 1714, 2
1715, 1715, 0
1716, 1716, 2
1717, 1717, 2
1718, 1718, 3
1719, 1719, 2
1720, 1720, 2
1721, 1721, 2
1722, 1722, 4
1723, 1723, 1
1724, 1724, 2
1725, 1725, 3
1726, 1726, 2
1727, 1727, 1
1728, 1728, 2
1729, 1729, 3
1730, 1730, 4
1731, 1731, 2
1732, 1732, 1
1733, 1733, 3
1734, 1734, 0
1735, 1735, 3
1736, 1736, 1
1737, 1737, 2
1738, 1738, 0
1739, 1739, 1
1740, 1740, 1
1741, 1741, 1
1742, 1742, 2
1743, 1743, 2
1744, 1744, 1
1745, 1745, 3
1746, 1746, 1
1747, 1747, 3
1748, 1748, 1
1749, 1749, 3
1750, 1750, 3
1751, 1751, 1
1752, 1752, 3
1753, 1753, 1
1754, 1754, 3
1755, 1755, 2
1756, 1756, 3
1757, 1757, 0
1758, 1758, 0
1759, 1759, 2
1760, 1760, 0
1761, 1761, 2
1762, 1762, 1
1763, 1763, 3
1764, 1764, 1
1765, 1765, 3
1766, 1766, 1
1767, 1767, 1
1768, 1768, 3
1769, 1769, 4
1770, 1770, 0
1771, 1771, 5
1772, 1772, 1
1773, 1773, 3
1774, 1774, 2
1775, 1775, 1
1776, 1776, 4
1777, 1777, 1
1778, 1778, 2
1779, 1779, 1
1780, 1780, 2
1781, 1781, 2
1782, 1782, 3
1783, 1783, 2
1784, 1784, 1
1785, 1785, 2
1786, 1786, 2
1787, 1787, 2
1788, 1788, 2
1789, 1789, 0
1790, 1790, 4
1791, 1791, 2
1792, 1792, 1
1793, 1793, 2
1794, 1794, 1
1795, 1795, 2
1796, 1796, 0
1797, 1797, 3
1798, 1798, 3
1799, 1799, 3
1800, 1800, 3
1801, 1801, 1
1802, 1802, 3
1803, 1803, 2
1804, 1804, 1
1805, 1805, 0
1806, 1806, 2
1807, 1807, 1
1808, 1808, 2
1809, 1809, 6
1810, 1810, 1
1811, 1811, 3
1812, 1812, 4
1813, 1813, 3
1814, 1814, 1
1815, 1815, 0
1816, 1816, 0
1817, 1817, 1
1818, 1818, 1
1819, 1819, 3
1820, 1820, 2
1821, 1821, 0
1822, 1822, 1
1823, 1823, 2
1824, 1824, 1
1825, 1825, 3
1826, 1826, 2
1827, 1827, 2
1828, 1828, 3
1829, 1829, 2
1830, 1830, 1
1831, 1831, 0
1832, 1832, 0
1833, 1833, 0
1834, 1834, 0
1835, 1835, 0
1836, 1836, 2
1837, 1837, 2
1838, 1838, 2
1839, 1839, 2
1840, 1840, 1
1841, 1841, 3
1842, 1842, 2
1843, 1843, 2
1844, 1844, 2
1845, 1845, 2
1846, 1846, 2
1847, 1847, 1
1848, 1848, 1
1849, 1849, 0
1850, 1850, 2
1851, 1851, 3
1852, 1852, 2
1853, 1853, 0
1854, 1854, 0
1855, 1855, 2
1856, 1856, 3
1857, 1857, 3
1858, 1858, 3
1859, 1859, 2
1860, 1860, 0
1861, 1861, 3
1862, 1862, 2
1863, 1863, 1
1864, 1864, 0
1865, 1865, 4
1866, 1866, 0
1867, 1867, 2
1868, 1868, 2
1869, 1869, 0
1870, 1870, 3
1871, 1871, 1
1872, 1872, 1
1873, 1873, 0
1874, 1874, 1
1875, 1875, 3
1876, 1876, 1
1877, 1877, 0
1878, 1878, 1
1879, 1879, 0
1880, 1880, 0
1881, 1881, 1
1882, 1882, 2
1883, 1883, 1
1884, 1884, 4
1885, 1885, 1
1886, 1886, 0
1887, 1887, 2
1888, 1888, 1
1889, 1889, 1
1890, 1890, 2
1891, 1891, 1
1892, 1892, 1
1893, 1893, 0
1894, 1894, 0
1895, 1895, 2
1896, 1896, 3
1897, 1897, 0
1898, 1898, 1
1899, 1899, 3
1900, 1900, 1
1901, 1901, 2
1902, 1902, 0
1903, 1903, 1
1904, 1904, 2
1905, 1905, 1
1906, 1906, 1
1907, 1907, 0
1908, 1908, 1
1909, 1909, 1
1910, 1910, 1
1911, 1911, 0
1912, 1912, 1
1913, 1913, 0
1914, 1914, 0
1915, 1915, 0
1916, 1916, 0
1917, 1917, 1
1918, 1918, 2
1919, 1919, 1
1920, 1920, 0
1921, 1921, 0
1922, 1922, 1
1923, 1923, 1
1924, 1924, 0
1925, 1925, 3
1926, 1926, 3
1927, 1927, 0
1928, 1928, 0
1929, 1929, 2
1930, 1930, 2
1931, 1931, 1
1932, 1932, 1
1933, 1933, 2
1934, 1934, 1
1935, 1935, 0
1936, 1936, 1
1937, 1937, 0
1938, 1938, 4
1939, 1939, 0
1940, 1940, 2
1941, 1941, 0
1942, 1942, 1
1943, 1943, 2
1944, 1944, 1
1945, 1945, 0
1946, 1946, 1
1947, 1947, 1
1948, 1948, 1
1949, 1949, 0
1950, 1950, 1
1951, 1951, 0
1952, 1952, 3
1953, 1953, 0
1954, 1954, 2
1955, 1955, 0
1956, 1956, 1
1957, 1957, 0
1958, 1958, 2
1959, 1959, 0
1960, 1960, 2
1961, 1961, 1
1962, 1962, 1
1963, 1963, 4
1964, 1964, 3
1965, 1965, 0
1966, 1966, 2
1967, 1967, 2
1968, 1968, 2
1969, 1969, 1
1970, 1970, 1
1971, 1971, 2
1972, 1972, 1
1973, 1973, 0
1974, 1974, 3
1975, 1975, 3
1976, 1976, 2
1977, 1977, 0
1978, 1978, 1
1979, 1979, 0
1980, 1980, 0
1981, 1981, 0
1982, 1982, 1
1983, 1983, 0
1984, 1984, 2
1985, 1985, 2
1986, 1986, 0
1987, 1987, 2
1988, 1988, 1
1989, 1989, 1
1990, 1990, 0
1991, 1991, 1
1992, 1992, 1
1993, 1993, 0
1994, 1994, 1
1995, 1995, 1
1996, 1996, 1
1997, 1997, 4
1998, 1998, 3
1999, 1999, 1
2000, 2000, 1
2001, 2001, 1
2002, 2002, 2
2003, 2003, 1
2004, 2004, 0
2005, 2005, 0
2006, 2006, 1
2007, 2007, 2
2008, 2008, 1
2009, 2009, 1
2010, 2010, 2
2011, 2011, 1
2012, 2012, 0
2013, 2013, 1
2014, 2014, 0
2015, 2015, 3
2016, 2016, 0
2017, 2017, 2
2018, 2018, 1
2019, 2019, 1
2020, 2020, 2
2021, 2021, 0
2022, 2022, 0
2023, 2023, 3
2024, 2024, 1
2025, 2025, 4
2026, 2026, 1
2027, 2027, 2
2028, 2028, 4
2029, 2029, 0
2030, 2030, 0
2031, 2031, 1
2032, 2032, 0
2033, 2033, 0
2034, 2034, 0
2035, 2035, 4
2036, 2036, 3
2037, 2037, 1
2038, 2038, 0
2039, 2039, 1
2040, 2040, 1
2041, 2041, 1
2042, 2042, 0
2043, 2043, 1
2044, 2044, 1
2045, 2045, 1
2046, 2046, 0
2047, 2047, 1
2048, 2048, 0
