Start Time, Tue Oct 16 16:31:50 GMT+0100 2018,,
Energy calibration,  Offset: 0, Slope: 1, Quadratic: 0
Live Time (s),172800,,
Real Time (s),172808.0431,,
Elapsed Computational,0,,
Spectrum,,,
Channel, Energy (keV), Counts,
1,1,1,
2,2,0,
3,3,1,
4,4,43,
5,5,231,
6,6,418,
7,7,606,
8,8,793,
9,9,981,
10,10,894,
11,11,900,
12,12,866,
13,13,857,
14,14,817,
15,15,805,
16,16,859,
17,17,872,
18,18,918,
19,19,937,
20,20,966,
21,21,1011,
22,22,1041,
23,23,1010,
24,24,985,
25,25,915,
26,26,869,
27,27,862,
28,28,775,
29,29,767,
30,30,767,
31,31,859,
32,32,892,
33,33,902,
34,34,932,
35,35,906,
36,36,960,
37,37,890,
38,38,997,
39,39,980,
40,40,967,
41,41,949,
42,42,964,
43,43,958,
44,44,936,
45,45,976,
46,46,981,
47,47,1028,
48,48,1095,
49,49,1241,
50,50,1233,
51,51,1400,
52,52,1480,
53,53,1683,
54,54,1839,
55,55,2085,
56,56,2234,
57,57,2226,
58,58,2265,
59,59,2171,
60,60,2021,
61,61,1955,
62,62,1798,
63,63,1710,
64,64,1642,
65,65,1574,
66,66,1530,
67,67,1589,
68,68,1654,
69,69,1755,
70,70,1726,
71,71,1785,
72,72,1943,
73,73,1921,
74,74,1954,
75,75,2102,
76,76,2222,
77,77,2210,
78,78,2318,
79,79,2519,
80,80,2813,
81,81,3065,
82,82,3494,
83,83,3930,
84,84,4262,
85,85,4777,
86,86,5288,
87,87,5714,
88,88,6296,
89,89,6376,
90,90,6520,
91,91,6376,
92,92,6158,
93,93,5756,
94,94,5425,
95,95,5117,
96,96,4711,
97,97,4605,
98,98,4349,
99,99,4352,
100,100,4219,
101,101,4157,
102,102,4112,
103,103,4126,
104,104,3997,
105,105,3610,
106,106,3568,
107,107,3327,
108,108,3208,
109,109,2999,
110,110,2804,
111,111,2793,
112,112,2757,
113,113,2719,
114,114,2569,
115,115,2611,
116,116,2585,
117,117,2647,
118,118,2583,
119,119,2570,
120,120,2544,
121,121,2585,
122,122,2542,
123,123,2510,
124,124,2540,
125,125,2659,
126,126,2552,
127,127,2646,
128,128,2522,
129,129,2492,
130,130,2499,
131,131,2570,
132,132,2565,
133,133,2518,
134,134,2497,
135,135,2627,
136,136,2600,
137,137,2519,
138,138,2576,
139,139,2412,
140,140,2484,
141,141,2454,
142,142,2482,
143,143,2485,
144,144,2507,
145,145,2454,
146,146,2525,
147,147,2469,
148,148,2394,
149,149,2511,
150,150,2490,
151,151,2414,
152,152,2452,
153,153,2475,
154,154,2402,
155,155,2431,
156,156,2425,
157,157,2393,
158,158,2313,
159,159,2401,
160,160,2359,
161,161,2291,
162,162,2208,
163,163,2239,
164,164,2279,
165,165,2221,
166,166,2146,
167,167,2222,
168,168,2188,
169,169,2270,
170,170,2109,
171,171,2191,
172,172,2185,
173,173,2210,
174,174,2147,
175,175,2099,
176,176,2125,
177,177,2030,
178,178,2077,
179,179,2071,
180,180,2025,
181,181,2034,
182,182,2096,
183,183,2019,
184,184,1968,
185,185,1976,
186,186,2011,
187,187,1969,
188,188,1912,
189,189,1968,
190,190,1976,
191,191,1914,
192,192,1894,
193,193,1915,
194,194,1872,
195,195,1836,
196,196,1904,
197,197,1920,
198,198,1873,
199,199,1818,
200,200,1835,
201,201,1838,
202,202,1839,
203,203,1820,
204,204,1783,
205,205,1841,
206,206,1814,
207,207,1844,
208,208,1802,
209,209,1770,
210,210,1759,
211,211,1772,
212,212,1782,
213,213,1691,
214,214,1689,
215,215,1750,
216,216,1744,
217,217,1613,
218,218,1651,
219,219,1766,
220,220,1677,
221,221,1664,
222,222,1637,
223,223,1577,
224,224,1574,
225,225,1600,
226,226,1584,
227,227,1574,
228,228,1567,
229,229,1549,
230,230,1563,
231,231,1481,
232,232,1506,
233,233,1541,
234,234,1546,
235,235,1563,
236,236,1578,
237,237,1570,
238,238,1508,
239,239,1429,
240,240,1537,
241,241,1502,
242,242,1490,
243,243,1515,
244,244,1474,
245,245,1421,
246,246,1408,
247,247,1550,
248,248,1530,
249,249,1466,
250,250,1452,
251,251,1478,
252,252,1477,
253,253,1507,
254,254,1445,
255,255,1511,
256,256,1498,
257,257,1468,
258,258,1493,
259,259,1547,
260,260,1431,
261,261,1443,
262,262,1509,
263,263,1443,
264,264,1428,
265,265,1371,
266,266,1430,
267,267,1351,
268,268,1411,
269,269,1367,
270,270,1376,
271,271,1250,
272,272,1364,
273,273,1251,
274,274,1303,
275,275,1213,
276,276,1246,
277,277,1202,
278,278,1181,
279,279,1166,
280,280,1153,
281,281,1176,
282,282,1163,
283,283,1143,
284,284,1144,
285,285,1120,
286,286,1161,
287,287,1117,
288,288,1130,
289,289,1078,
290,290,1118,
291,291,1108,
292,292,1130,
293,293,1015,
294,294,1015,
295,295,1059,
296,296,1010,
297,297,1049,
298,298,1044,
299,299,1013,
300,300,1037,
301,301,1022,
302,302,1003,
303,303,1044,
304,304,994,
305,305,1015,
306,306,983,
307,307,1015,
308,308,1032,
309,309,1022,
310,310,969,
311,311,968,
312,312,1019,
313,313,1009,
314,314,976,
315,315,965,
316,316,946,
317,317,959,
318,318,924,
319,319,965,
320,320,899,
321,321,989,
322,322,902,
323,323,921,
324,324,929,
325,325,884,
326,326,934,
327,327,881,
328,328,889,
329,329,880,
330,330,840,
331,331,878,
332,332,832,
333,333,874,
334,334,901,
335,335,846,
336,336,811,
337,337,814,
338,338,857,
339,339,803,
340,340,825,
341,341,826,
342,342,837,
343,343,759,
344,344,838,
345,345,817,
346,346,792,
347,347,804,
348,348,758,
349,349,772,
350,350,765,
351,351,758,
352,352,761,
353,353,776,
354,354,712,
355,355,741,
356,356,749,
357,357,752,
358,358,812,
359,359,762,
360,360,728,
361,361,697,
362,362,748,
363,363,749,
364,364,703,
365,365,716,
366,366,770,
367,367,769,
368,368,760,
369,369,739,
370,370,678,
371,371,730,
372,372,709,
373,373,736,
374,374,751,
375,375,737,
376,376,723,
377,377,717,
378,378,733,
379,379,734,
380,380,691,
381,381,709,
382,382,762,
383,383,651,
384,384,680,
385,385,685,
386,386,657,
387,387,656,
388,388,686,
389,389,658,
390,390,668,
391,391,657,
392,392,578,
393,393,622,
394,394,589,
395,395,654,
396,396,665,
397,397,583,
398,398,585,
399,399,608,
400,400,601,
401,401,584,
402,402,582,
403,403,577,
404,404,568,
405,405,574,
406,406,518,
407,407,542,
408,408,548,
409,409,546,
410,410,445,
411,411,548,
412,412,513,
413,413,535,
414,414,525,
415,415,520,
416,416,545,
417,417,526,
418,418,519,
419,419,534,
420,420,535,
421,421,499,
422,422,477,
423,423,550,
424,424,462,
425,425,540,
426,426,479,
427,427,443,
428,428,498,
429,429,531,
430,430,476,
431,431,488,
432,432,465,
433,433,481,
434,434,498,
435,435,429,
436,436,446,
437,437,483,
438,438,495,
439,439,470,
440,440,484,
441,441,445,
442,442,431,
443,443,500,
444,444,442,
445,445,490,
446,446,447,
447,447,490,
448,448,431,
449,449,468,
450,450,447,
451,451,450,
452,452,419,
453,453,473,
454,454,444,
455,455,432,
456,456,464,
457,457,434,
458,458,443,
459,459,467,
460,460,477,
461,461,433,
462,462,434,
463,463,424,
464,464,428,
465,465,428,
466,466,444,
467,467,423,
468,468,411,
469,469,432,
470,470,393,
471,471,425,
472,472,411,
473,473,401,
474,474,385,
475,475,397,
476,476,444,
477,477,431,
478,478,421,
479,479,437,
480,480,389,
481,481,405,
482,482,413,
483,483,393,
484,484,418,
485,485,431,
486,486,382,
487,487,389,
488,488,404,
489,489,359,
490,490,390,
491,491,399,
492,492,419,
493,493,399,
494,494,411,
495,495,388,
496,496,431,
497,497,402,
498,498,405,
499,499,386,
500,500,410,
501,501,374,
502,502,428,
503,503,446,
504,504,393,
505,505,389,
506,506,427,
507,507,416,
508,508,421,
509,509,395,
510,510,410,
511,511,429,
512,512,400,
513,513,437,
514,514,392,
515,515,397,
516,516,396,
517,517,404,
518,518,444,
519,519,440,
520,520,406,
521,521,441,
522,522,408,
523,523,445,
524,524,457,
525,525,414,
526,526,447,
527,527,490,
528,528,461,
529,529,459,
530,530,430,
531,531,479,
532,532,441,
533,533,486,
534,534,509,
535,535,440,
536,536,443,
537,537,482,
538,538,480,
539,539,447,
540,540,454,
541,541,484,
542,542,449,
543,543,486,
544,544,454,
545,545,489,
546,546,459,
547,547,506,
548,548,475,
549,549,443,
550,550,480,
551,551,469,
552,552,438,
553,553,433,
554,554,469,
555,555,426,
556,556,403,
557,557,432,
558,558,391,
559,559,400,
560,560,426,
561,561,396,
562,562,374,
563,563,376,
564,564,350,
565,565,340,
566,566,367,
567,567,353,
568,568,356,
569,569,351,
570,570,345,
571,571,330,
572,572,338,
573,573,337,
574,574,316,
575,575,292,
576,576,336,
577,577,261,
578,578,324,
579,579,342,
580,580,307,
581,581,296,
582,582,303,
583,583,265,
584,584,282,
585,585,331,
586,586,313,
587,587,280,
588,588,287,
589,589,286,
590,590,305,
591,591,314,
592,592,281,
593,593,290,
594,594,311,
595,595,268,
596,596,292,
597,597,288,
598,598,299,
599,599,288,
600,600,284,
601,601,269,
602,602,276,
603,603,290,
604,604,294,
605,605,281,
606,606,317,
607,607,296,
608,608,305,
609,609,327,
610,610,337,
611,611,281,
612,612,325,
613,613,313,
614,614,299,
615,615,304,
616,616,294,
617,617,316,
618,618,299,
619,619,302,
620,620,288,
621,621,289,
622,622,311,
623,623,292,
624,624,264,
625,625,293,
626,626,321,
627,627,325,
628,628,312,
629,629,302,
630,630,288,
631,631,275,
632,632,325,
633,633,297,
634,634,315,
635,635,299,
636,636,321,
637,637,307,
638,638,296,
639,639,309,
640,640,287,
641,641,310,
642,642,291,
643,643,330,
644,644,306,
645,645,313,
646,646,266,
647,647,279,
648,648,297,
649,649,283,
650,650,298,
651,651,281,
652,652,272,
653,653,274,
654,654,272,
655,655,283,
656,656,286,
657,657,269,
658,658,272,
659,659,276,
660,660,286,
661,661,260,
662,662,271,
663,663,276,
664,664,246,
665,665,239,
666,666,254,
667,667,258,
668,668,213,
669,669,217,
670,670,227,
671,671,253,
672,672,211,
673,673,257,
674,674,205,
675,675,241,
676,676,237,
677,677,259,
678,678,241,
679,679,237,
680,680,236,
681,681,223,
682,682,239,
683,683,247,
684,684,191,
685,685,223,
686,686,189,
687,687,205,
688,688,240,
689,689,211,
690,690,208,
691,691,239,
692,692,206,
693,693,210,
694,694,226,
695,695,227,
696,696,189,
697,697,222,
698,698,249,
699,699,199,
700,700,236,
701,701,216,
702,702,201,
703,703,192,
704,704,220,
705,705,215,
706,706,208,
707,707,217,
708,708,197,
709,709,214,
710,710,226,
711,711,175,
712,712,214,
713,713,184,
714,714,187,
715,715,168,
716,716,193,
717,717,211,
718,718,186,
719,719,189,
720,720,185,
721,721,188,
722,722,187,
723,723,174,
724,724,209,
725,725,191,
726,726,172,
727,727,206,
728,728,199,
729,729,200,
730,730,200,
731,731,188,
732,732,199,
733,733,188,
734,734,184,
735,735,193,
736,736,170,
737,737,188,
738,738,170,
739,739,193,
740,740,214,
741,741,181,
742,742,210,
743,743,208,
744,744,173,
745,745,198,
746,746,183,
747,747,181,
748,748,206,
749,749,180,
750,750,197,
751,751,189,
752,752,184,
753,753,169,
754,754,181,
755,755,202,
756,756,166,
757,757,210,
758,758,169,
759,759,192,
760,760,179,
761,761,184,
762,762,178,
763,763,178,
764,764,171,
765,765,188,
766,766,189,
767,767,185,
768,768,201,
769,769,186,
770,770,191,
771,771,169,
772,772,175,
773,773,204,
774,774,173,
775,775,180,
776,776,163,
777,777,181,
778,778,196,
779,779,200,
780,780,172,
781,781,185,
782,782,191,
783,783,180,
784,784,192,
785,785,174,
786,786,184,
787,787,163,
788,788,156,
789,789,190,
790,790,171,
791,791,165,
792,792,163,
793,793,205,
794,794,190,
795,795,204,
796,796,172,
797,797,169,
798,798,174,
799,799,182,
800,800,181,
801,801,168,
802,802,183,
803,803,163,
804,804,178,
805,805,199,
806,806,176,
807,807,155,
808,808,161,
809,809,154,
810,810,193,
811,811,181,
812,812,189,
813,813,190,
814,814,166,
815,815,161,
816,816,171,
817,817,171,
818,818,192,
819,819,171,
820,820,153,
821,821,157,
822,822,174,
823,823,150,
824,824,174,
825,825,177,
826,826,174,
827,827,158,
828,828,175,
829,829,158,
830,830,180,
831,831,143,
832,832,156,
833,833,164,
834,834,176,
835,835,158,
836,836,171,
837,837,159,
838,838,136,
839,839,168,
840,840,143,
841,841,156,
842,842,167,
843,843,134,
844,844,145,
845,845,156,
846,846,182,
847,847,138,
848,848,164,
849,849,160,
850,850,150,
851,851,142,
852,852,151,
853,853,160,
854,854,152,
855,855,138,
856,856,144,
857,857,174,
858,858,154,
859,859,162,
860,860,149,
861,861,181,
862,862,150,
863,863,146,
864,864,137,
865,865,157,
866,866,156,
867,867,154,
868,868,162,
869,869,178,
870,870,140,
871,871,148,
872,872,136,
873,873,154,
874,874,146,
875,875,127,
876,876,134,
877,877,164,
878,878,154,
879,879,168,
880,880,155,
881,881,161,
882,882,163,
883,883,135,
884,884,144,
885,885,146,
886,886,154,
887,887,176,
888,888,129,
889,889,159,
890,890,152,
891,891,151,
892,892,136,
893,893,161,
894,894,158,
895,895,158,
896,896,142,
897,897,133,
898,898,166,
899,899,152,
900,900,152,
901,901,139,
902,902,143,
903,903,137,
904,904,142,
905,905,142,
906,906,154,
907,907,137,
908,908,123,
909,909,167,
910,910,152,
911,911,143,
912,912,151,
913,913,154,
914,914,141,
915,915,141,
916,916,160,
917,917,148,
918,918,142,
919,919,151,
920,920,136,
921,921,134,
922,922,157,
923,923,153,
924,924,138,
925,925,157,
926,926,148,
927,927,146,
928,928,161,
929,929,157,
930,930,168,
931,931,130,
932,932,132,
933,933,145,
934,934,138,
935,935,161,
936,936,139,
937,937,166,
938,938,152,
939,939,138,
940,940,130,
941,941,145,
942,942,153,
943,943,151,
944,944,141,
945,945,160,
946,946,171,
947,947,154,
948,948,132,
949,949,142,
950,950,153,
951,951,160,
952,952,151,
953,953,134,
954,954,148,
955,955,144,
956,956,137,
957,957,141,
958,958,150,
959,959,132,
960,960,150,
961,961,137,
962,962,132,
963,963,131,
964,964,140,
965,965,120,
966,966,138,
967,967,146,
968,968,132,
969,969,148,
970,970,150,
971,971,140,
972,972,122,
973,973,159,
974,974,141,
975,975,170,
976,976,130,
977,977,142,
978,978,115,
979,979,128,
980,980,141,
981,981,141,
982,982,175,
983,983,141,
984,984,125,
985,985,140,
986,986,118,
987,987,132,
988,988,145,
989,989,125,
990,990,163,
991,991,148,
992,992,155,
993,993,137,
994,994,134,
995,995,137,
996,996,144,
997,997,151,
998,998,127,
999,999,141,
1000,1000,145,
1001,1001,135,
1002,1002,153,
1003,1003,116,
1004,1004,115,
1005,1005,109,
1006,1006,146,
1007,1007,120,
1008,1008,142,
1009,1009,136,
1010,1010,144,
1011,1011,131,
1012,1012,133,
1013,1013,130,
1014,1014,119,
1015,1015,134,
1016,1016,132,
1017,1017,138,
1018,1018,128,
1019,1019,139,
1020,1020,153,
1021,1021,125,
1022,1022,117,
1023,1023,133,
1024,1024,120,
1025,1025,120,
1026,1026,117,
1027,1027,120,
1028,1028,104,
1029,1029,132,
1030,1030,111,
1031,1031,133,
1032,1032,138,
1033,1033,99,
1034,1034,116,
1035,1035,115,
1036,1036,106,
1037,1037,118,
1038,1038,120,
1039,1039,110,
1040,1040,127,
1041,1041,133,
1042,1042,130,
1043,1043,117,
1044,1044,120,
1045,1045,120,
1046,1046,120,
1047,1047,114,
1048,1048,124,
1049,1049,109,
1050,1050,88,
1051,1051,93,
1052,1052,117,
1053,1053,113,
1054,1054,118,
1055,1055,126,
1056,1056,120,
1057,1057,120,
1058,1058,99,
1059,1059,126,
1060,1060,110,
1061,1061,101,
1062,1062,88,
1063,1063,106,
1064,1064,87,
1065,1065,88,
1066,1066,126,
1067,1067,117,
1068,1068,109,
1069,1069,115,
1070,1070,97,
1071,1071,119,
1072,1072,102,
1073,1073,107,
1074,1074,111,
1075,1075,85,
1076,1076,103,
1077,1077,109,
1078,1078,112,
1079,1079,118,
1080,1080,109,
1081,1081,122,
1082,1082,110,
1083,1083,90,
1084,1084,105,
1085,1085,109,
1086,1086,109,
1087,1087,93,
1088,1088,109,
1089,1089,109,
1090,1090,110,
1091,1091,124,
1092,1092,90,
1093,1093,110,
1094,1094,116,
1095,1095,121,
1096,1096,99,
1097,1097,104,
1098,1098,105,
1099,1099,98,
1100,1100,116,
1101,1101,105,
1102,1102,105,
1103,1103,121,
1104,1104,100,
1105,1105,107,
1106,1106,116,
1107,1107,114,
1108,1108,87,
1109,1109,104,
1110,1110,116,
1111,1111,112,
1112,1112,97,
1113,1113,128,
1114,1114,96,
1115,1115,109,
1116,1116,124,
1117,1117,100,
1118,1118,132,
1119,1119,110,
1120,1120,100,
1121,1121,114,
1122,1122,114,
1123,1123,109,
1124,1124,123,
1125,1125,120,
1126,1126,102,
1127,1127,99,
1128,1128,122,
1129,1129,109,
1130,1130,127,
1131,1131,130,
1132,1132,91,
1133,1133,108,
1134,1134,111,
1135,1135,114,
1136,1136,114,
1137,1137,118,
1138,1138,120,
1139,1139,124,
1140,1140,110,
1141,1141,106,
1142,1142,112,
1143,1143,124,
1144,1144,97,
1145,1145,122,
1146,1146,95,
1147,1147,125,
1148,1148,106,
1149,1149,115,
1150,1150,109,
1151,1151,123,
1152,1152,108,
1153,1153,110,
1154,1154,112,
1155,1155,100,
1156,1156,94,
1157,1157,99,
1158,1158,98,
1159,1159,115,
1160,1160,111,
1161,1161,110,
1162,1162,123,
1163,1163,105,
1164,1164,98,
1165,1165,120,
1166,1166,123,
1167,1167,127,
1168,1168,107,
1169,1169,139,
1170,1170,114,
1171,1171,109,
1172,1172,113,
1173,1173,118,
1174,1174,118,
1175,1175,111,
1176,1176,102,
1177,1177,98,
1178,1178,120,
1179,1179,101,
1180,1180,99,
1181,1181,110,
1182,1182,92,
1183,1183,109,
1184,1184,95,
1185,1185,103,
1186,1186,91,
1187,1187,89,
1188,1188,100,
1189,1189,101,
1190,1190,80,
1191,1191,86,
1192,1192,105,
1193,1193,101,
1194,1194,102,
1195,1195,89,
1196,1196,99,
1197,1197,92,
1198,1198,103,
1199,1199,95,
1200,1200,103,
1201,1201,106,
1202,1202,90,
1203,1203,82,
1204,1204,99,
1205,1205,85,
1206,1206,85,
1207,1207,88,
1208,1208,95,
1209,1209,101,
1210,1210,110,
1211,1211,108,
1212,1212,97,
1213,1213,89,
1214,1214,80,
1215,1215,96,
1216,1216,95,
1217,1217,117,
1218,1218,98,
1219,1219,104,
1220,1220,85,
1221,1221,104,
1222,1222,100,
1223,1223,115,
1224,1224,103,
1225,1225,73,
1226,1226,80,
1227,1227,92,
1228,1228,82,
1229,1229,99,
1230,1230,86,
1231,1231,89,
1232,1232,86,
1233,1233,93,
1234,1234,84,
1235,1235,93,
1236,1236,80,
1237,1237,96,
1238,1238,85,
1239,1239,91,
1240,1240,84,
1241,1241,79,
1242,1242,88,
1243,1243,84,
1244,1244,77,
1245,1245,83,
1246,1246,70,
1247,1247,76,
1248,1248,90,
1249,1249,79,
1250,1250,89,
1251,1251,80,
1252,1252,83,
1253,1253,83,
1254,1254,94,
1255,1255,87,
1256,1256,93,
1257,1257,65,
1258,1258,90,
1259,1259,88,
1260,1260,75,
1261,1261,103,
1262,1262,105,
1263,1263,88,
1264,1264,71,
1265,1265,90,
1266,1266,78,
1267,1267,78,
1268,1268,68,
1269,1269,85,
1270,1270,79,
1271,1271,93,
1272,1272,75,
1273,1273,66,
1274,1274,82,
1275,1275,72,
1276,1276,87,
1277,1277,87,
1278,1278,82,
1279,1279,80,
1280,1280,62,
1281,1281,82,
1282,1282,77,
1283,1283,82,
1284,1284,85,
1285,1285,77,
1286,1286,76,
1287,1287,81,
1288,1288,85,
1289,1289,90,
1290,1290,79,
1291,1291,78,
1292,1292,75,
1293,1293,90,
1294,1294,79,
1295,1295,75,
1296,1296,87,
1297,1297,69,
1298,1298,77,
1299,1299,78,
1300,1300,75,
1301,1301,80,
1302,1302,80,
1303,1303,70,
1304,1304,84,
1305,1305,90,
1306,1306,67,
1307,1307,82,
1308,1308,85,
1309,1309,71,
1310,1310,56,
1311,1311,53,
1312,1312,75,
1313,1313,67,
1314,1314,66,
1315,1315,74,
1316,1316,66,
1317,1317,69,
1318,1318,75,
1319,1319,91,
1320,1320,80,
1321,1321,70,
1322,1322,76,
1323,1323,72,
1324,1324,56,
1325,1325,62,
1326,1326,69,
1327,1327,74,
1328,1328,65,
1329,1329,61,
1330,1330,61,
1331,1331,54,
1332,1332,76,
1333,1333,69,
1334,1334,73,
1335,1335,59,
1336,1336,78,
1337,1337,55,
1338,1338,66,
1339,1339,74,
1340,1340,51,
1341,1341,66,
1342,1342,77,
1343,1343,73,
1344,1344,69,
1345,1345,58,
1346,1346,60,
1347,1347,69,
1348,1348,68,
1349,1349,65,
1350,1350,79,
1351,1351,48,
1352,1352,68,
1353,1353,66,
1354,1354,63,
1355,1355,51,
1356,1356,54,
1357,1357,58,
1358,1358,57,
1359,1359,75,
1360,1360,57,
1361,1361,61,
1362,1362,72,
1363,1363,54,
1364,1364,65,
1365,1365,52,
1366,1366,68,
1367,1367,58,
1368,1368,83,
1369,1369,66,
1370,1370,55,
1371,1371,76,
1372,1372,64,
1373,1373,64,
1374,1374,66,
1375,1375,56,
1376,1376,73,
1377,1377,69,
1378,1378,72,
1379,1379,57,
1380,1380,59,
1381,1381,53,
1382,1382,81,
1383,1383,58,
1384,1384,63,
1385,1385,53,
1386,1386,72,
1387,1387,67,
1388,1388,64,
1389,1389,71,
1390,1390,69,
1391,1391,56,
1392,1392,69,
1393,1393,62,
1394,1394,75,
1395,1395,80,
1396,1396,59,
1397,1397,77,
1398,1398,70,
1399,1399,62,
1400,1400,61,
1401,1401,72,
1402,1402,70,
1403,1403,65,
1404,1404,68,
1405,1405,67,
1406,1406,67,
1407,1407,73,
1408,1408,59,
1409,1409,61,
1410,1410,67,
1411,1411,54,
1412,1412,63,
1413,1413,76,
1414,1414,58,
1415,1415,68,
1416,1416,78,
1417,1417,65,
1418,1418,78,
1419,1419,75,
1420,1420,62,
1421,1421,75,
1422,1422,53,
1423,1423,69,
1424,1424,64,
1425,1425,60,
1426,1426,73,
1427,1427,70,
1428,1428,72,
1429,1429,73,
1430,1430,74,
1431,1431,73,
1432,1432,79,
1433,1433,58,
1434,1434,72,
1435,1435,52,
1436,1436,84,
1437,1437,76,
1438,1438,71,
1439,1439,92,
1440,1440,64,
1441,1441,68,
1442,1442,89,
1443,1443,81,
1444,1444,73,
1445,1445,76,
1446,1446,67,
1447,1447,89,
1448,1448,85,
1449,1449,83,
1450,1450,76,
1451,1451,67,
1452,1452,88,
1453,1453,71,
1454,1454,83,
1455,1455,80,
1456,1456,79,
1457,1457,78,
1458,1458,89,
1459,1459,96,
1460,1460,101,
1461,1461,85,
1462,1462,95,
1463,1463,77,
1464,1464,94,
1465,1465,103,
1466,1466,101,
1467,1467,89,
1468,1468,75,
1469,1469,87,
1470,1470,87,
1471,1471,99,
1472,1472,101,
1473,1473,95,
1474,1474,97,
1475,1475,107,
1476,1476,104,
1477,1477,124,
1478,1478,100,
1479,1479,95,
1480,1480,97,
1481,1481,96,
1482,1482,105,
1483,1483,101,
1484,1484,85,
1485,1485,100,
1486,1486,92,
1487,1487,103,
1488,1488,109,
1489,1489,104,
1490,1490,109,
1491,1491,102,
1492,1492,103,
1493,1493,100,
1494,1494,95,
1495,1495,94,
1496,1496,89,
1497,1497,107,
1498,1498,109,
1499,1499,106,
1500,1500,101,
1501,1501,114,
1502,1502,94,
1503,1503,107,
1504,1504,114,
1505,1505,103,
1506,1506,102,
1507,1507,87,
1508,1508,90,
1509,1509,93,
1510,1510,94,
1511,1511,91,
1512,1512,104,
1513,1513,106,
1514,1514,88,
1515,1515,96,
1516,1516,97,
1517,1517,76,
1518,1518,80,
1519,1519,84,
1520,1520,76,
1521,1521,85,
1522,1522,77,
1523,1523,81,
1524,1524,90,
1525,1525,72,
1526,1526,79,
1527,1527,67,
1528,1528,80,
1529,1529,69,
1530,1530,67,
1531,1531,78,
1532,1532,77,
1533,1533,75,
1534,1534,52,
1535,1535,56,
1536,1536,59,
1537,1537,62,
1538,1538,63,
1539,1539,61,
1540,1540,61,
1541,1541,63,
1542,1542,80,
1543,1543,62,
1544,1544,69,
1545,1545,45,
1546,1546,49,
1547,1547,48,
1548,1548,69,
1549,1549,62,
1550,1550,67,
1551,1551,67,
1552,1552,57,
1553,1553,49,
1554,1554,54,
1555,1555,64,
1556,1556,58,
1557,1557,59,
1558,1558,43,
1559,1559,49,
1560,1560,51,
1561,1561,49,
1562,1562,63,
1563,1563,46,
1564,1564,46,
1565,1565,42,
1566,1566,50,
1567,1567,47,
1568,1568,54,
1569,1569,58,
1570,1570,43,
1571,1571,37,
1572,1572,58,
1573,1573,43,
1574,1574,57,
1575,1575,45,
1576,1576,54,
1577,1577,41,
1578,1578,43,
1579,1579,51,
1580,1580,40,
1581,1581,57,
1582,1582,41,
1583,1583,41,
1584,1584,44,
1585,1585,54,
1586,1586,52,
1587,1587,63,
1588,1588,44,
1589,1589,49,
1590,1590,52,
1591,1591,46,
1592,1592,44,
1593,1593,43,
1594,1594,57,
1595,1595,43,
1596,1596,41,
1597,1597,48,
1598,1598,50,
1599,1599,43,
1600,1600,52,
1601,1601,31,
1602,1602,46,
1603,1603,43,
1604,1604,43,
1605,1605,33,
1606,1606,45,
1607,1607,44,
1608,1608,56,
1609,1609,30,
1610,1610,48,
1611,1611,59,
1612,1612,52,
1613,1613,49,
1614,1614,57,
1615,1615,42,
1616,1616,42,
1617,1617,60,
1618,1618,42,
1619,1619,48,
1620,1620,36,
1621,1621,43,
1622,1622,46,
1623,1623,53,
1624,1624,51,
1625,1625,47,
1626,1626,39,
1627,1627,46,
1628,1628,38,
1629,1629,45,
1630,1630,46,
1631,1631,41,
1632,1632,35,
1633,1633,51,
1634,1634,27,
1635,1635,47,
1636,1636,49,
1637,1637,42,
1638,1638,45,
1639,1639,38,
1640,1640,45,
1641,1641,39,
1642,1642,38,
1643,1643,41,
1644,1644,30,
1645,1645,40,
1646,1646,46,
1647,1647,29,
1648,1648,44,
1649,1649,49,
1650,1650,42,
1651,1651,41,
1652,1652,39,
1653,1653,50,
1654,1654,32,
1655,1655,45,
1656,1656,56,
1657,1657,40,
1658,1658,43,
1659,1659,32,
1660,1660,39,
1661,1661,29,
1662,1662,37,
1663,1663,34,
1664,1664,44,
1665,1665,43,
1666,1666,41,
1667,1667,36,
1668,1668,44,
1669,1669,37,
1670,1670,35,
1671,1671,42,
1672,1672,37,
1673,1673,40,
1674,1674,28,
1675,1675,32,
1676,1676,35,
1677,1677,37,
1678,1678,38,
1679,1679,43,
1680,1680,47,
1681,1681,51,
1682,1682,32,
1683,1683,38,
1684,1684,36,
1685,1685,45,
1686,1686,28,
1687,1687,39,
1688,1688,39,
1689,1689,42,
1690,1690,35,
1691,1691,37,
1692,1692,46,
1693,1693,30,
1694,1694,26,
1695,1695,32,
1696,1696,28,
1697,1697,34,
1698,1698,38,
1699,1699,40,
1700,1700,38,
1701,1701,43,
1702,1702,39,
1703,1703,34,
1704,1704,39,
1705,1705,34,
1706,1706,43,
1707,1707,30,
1708,1708,39,
1709,1709,37,
1710,1710,34,
1711,1711,39,
1712,1712,32,
1713,1713,41,
1714,1714,46,
1715,1715,35,
1716,1716,32,
1717,1717,35,
1718,1718,45,
1719,1719,40,
1720,1720,41,
1721,1721,47,
1722,1722,35,
1723,1723,38,
1724,1724,38,
1725,1725,42,
1726,1726,41,
1727,1727,47,
1728,1728,28,
1729,1729,41,
1730,1730,36,
1731,1731,35,
1732,1732,35,
1733,1733,31,
1734,1734,39,
1735,1735,41,
1736,1736,43,
1737,1737,28,
1738,1738,30,
1739,1739,41,
1740,1740,41,
1741,1741,35,
1742,1742,30,
1743,1743,38,
1744,1744,39,
1745,1745,37,
1746,1746,43,
1747,1747,44,
1748,1748,42,
1749,1749,22,
1750,1750,33,
1751,1751,33,
1752,1752,47,
1753,1753,45,
1754,1754,49,
1755,1755,31,
1756,1756,37,
1757,1757,39,
1758,1758,51,
1759,1759,39,
1760,1760,45,
1761,1761,39,
1762,1762,49,
1763,1763,42,
1764,1764,42,
1765,1765,41,
1766,1766,45,
1767,1767,49,
1768,1768,45,
1769,1769,39,
1770,1770,65,
1771,1771,39,
1772,1772,42,
1773,1773,45,
1774,1774,36,
1775,1775,41,
1776,1776,54,
1777,1777,36,
1778,1778,59,
1779,1779,47,
1780,1780,49,
1781,1781,49,
1782,1782,34,
1783,1783,33,
1784,1784,43,
1785,1785,30,
1786,1786,46,
1787,1787,43,
1788,1788,34,
1789,1789,54,
1790,1790,37,
1791,1791,43,
1792,1792,39,
1793,1793,43,
1794,1794,39,
1795,1795,46,
1796,1796,49,
1797,1797,41,
1798,1798,45,
1799,1799,34,
1800,1800,54,
1801,1801,43,
1802,1802,39,
1803,1803,36,
1804,1804,35,
1805,1805,42,
1806,1806,41,
1807,1807,46,
1808,1808,44,
1809,1809,46,
1810,1810,47,
1811,1811,41,
1812,1812,51,
1813,1813,42,
1814,1814,28,
1815,1815,37,
1816,1816,43,
1817,1817,45,
1818,1818,40,
1819,1819,44,
1820,1820,47,
1821,1821,40,
1822,1822,48,
1823,1823,38,
1824,1824,48,
1825,1825,38,
1826,1826,50,
1827,1827,34,
1828,1828,40,
1829,1829,34,
1830,1830,40,
1831,1831,39,
1832,1832,37,
1833,1833,27,
1834,1834,31,
1835,1835,31,
1836,1836,26,
1837,1837,29,
1838,1838,35,
1839,1839,28,
1840,1840,46,
1841,1841,37,
1842,1842,34,
1843,1843,31,
1844,1844,27,
1845,1845,36,
1846,1846,33,
1847,1847,38,
1848,1848,33,
1849,1849,29,
1850,1850,32,
1851,1851,36,
1852,1852,34,
1853,1853,39,
1854,1854,31,
1855,1855,36,
1856,1856,36,
1857,1857,28,
1858,1858,32,
1859,1859,39,
1860,1860,22,
1861,1861,32,
1862,1862,31,
1863,1863,27,
1864,1864,39,
1865,1865,31,
1866,1866,33,
1867,1867,30,
1868,1868,20,
1869,1869,24,
1870,1870,29,
1871,1871,32,
1872,1872,47,
1873,1873,30,
1874,1874,28,
1875,1875,46,
1876,1876,29,
1877,1877,33,
1878,1878,28,
1879,1879,36,
1880,1880,23,
1881,1881,36,
1882,1882,24,
1883,1883,31,
1884,1884,24,
1885,1885,25,
1886,1886,35,
1887,1887,26,
1888,1888,27,
1889,1889,30,
1890,1890,25,
1891,1891,25,
1892,1892,25,
1893,1893,38,
1894,1894,32,
1895,1895,22,
1896,1896,30,
1897,1897,20,
1898,1898,23,
1899,1899,36,
1900,1900,37,
1901,1901,29,
1902,1902,32,
1903,1903,32,
1904,1904,37,
1905,1905,40,
1906,1906,32,
1907,1907,28,
1908,1908,26,
1909,1909,27,
1910,1910,33,
1911,1911,18,
1912,1912,35,
1913,1913,26,
1914,1914,22,
1915,1915,28,
1916,1916,36,
1917,1917,35,
1918,1918,21,
1919,1919,27,
1920,1920,22,
1921,1921,31,
1922,1922,21,
1923,1923,34,
1924,1924,23,
1925,1925,40,
1926,1926,24,
1927,1927,29,
1928,1928,21,
1929,1929,33,
1930,1930,29,
1931,1931,23,
1932,1932,27,
1933,1933,17,
1934,1934,32,
1935,1935,31,
1936,1936,31,
1937,1937,34,
1938,1938,19,
1939,1939,26,
1940,1940,32,
1941,1941,20,
1942,1942,27,
1943,1943,21,
1944,1944,24,
1945,1945,30,
1946,1946,28,
1947,1947,30,
1948,1948,29,
1949,1949,23,
1950,1950,24,
1951,1951,31,
1952,1952,28,
1953,1953,27,
1954,1954,31,
1955,1955,25,
1956,1956,21,
1957,1957,30,
1958,1958,29,
1959,1959,24,
1960,1960,22,
1961,1961,21,
1962,1962,36,
1963,1963,26,
1964,1964,27,
1965,1965,26,
1966,1966,19,
1967,1967,27,
1968,1968,28,
1969,1969,24,
1970,1970,16,
1971,1971,31,
1972,1972,28,
1973,1973,23,
1974,1974,29,
1975,1975,22,
1976,1976,26,
1977,1977,31,
1978,1978,22,
1979,1979,20,
1980,1980,25,
1981,1981,20,
1982,1982,27,
1983,1983,30,
1984,1984,26,
1985,1985,18,
1986,1986,28,
1987,1987,20,
1988,1988,22,
1989,1989,13,
1990,1990,28,
1991,1991,35,
1992,1992,26,
1993,1993,33,
1994,1994,31,
1995,1995,28,
1996,1996,21,
1997,1997,30,
1998,1998,26,
1999,1999,18,
2000,2000,24,
2001,2001,24,
2002,2002,23,
2003,2003,36,
2004,2004,15,
2005,2005,25,
2006,2006,29,
2007,2007,23,
2008,2008,25,
2009,2009,23,
2010,2010,23,
2011,2011,21,
2012,2012,22,
2013,2013,24,
2014,2014,35,
2015,2015,31,
2016,2016,25,
2017,2017,26,
2018,2018,25,
2019,2019,22,
2020,2020,23,
2021,2021,25,
2022,2022,28,
2023,2023,23,
2024,2024,24,
2025,2025,19,
2026,2026,24,
2027,2027,22,
2028,2028,25,
2029,2029,35,
2030,2030,26,
2031,2031,24,
2032,2032,21,
2033,2033,25,
2034,2034,28,
2035,2035,22,
2036,2036,25,
2037,2037,23,
2038,2038,22,
2039,2039,12,
2040,2040,25,
2041,2041,25,
2042,2042,29,
2043,2043,23,
2044,2044,24,
2045,2045,31,
2046,2046,18,
2047,2047,27,
2048,2048,28,
